index,tag
0,#fashion #shorts
1,#fashion #tshirt
2,#Sport Bra
3,#Summer Clothes
4,#top #crop
5,2 piece dress sets
6,2 Piece Swimsuit
7,2014menshort
8,2014summermenshort
9,2018fashion
10,2in1short
11,2in1sportsjogging
12,2piecebathingsuit
13,2piecesbikini
14,2pieceset
15,34pant
16,34sleeve
17,34sleevedres
18,3D T-shirt
19,3dprint
20,3dprintedtshirt
21,3dprinttshirt
22,3mreflective
23,5pointspant
24,90sfashion
25,A line dress
26,A-line
27,a-line skirt
28,abito
29,Above Knee dresses
30,Accessories
31,Active
32,Adidas
33,Adjustable Baseball Cap
34,air conditioner
35,airball
36,American
37,Angel
38,angelprint
39,Animal
40,animal print
41,animalprotectiontshirt
42,Ankle
43,Ankle Strap
44,ankleinvisiblesock
45,anklesock
46,ankletchain
47,Anklets
48,anticellulite
49,antifoggoggle
50,antimosquitofly
51,antimosquitonet
52,antislip
53,antislipsock
54,armpit
55,armpitguard
56,armpitsweatpad
57,Arms
58,Army
59,art
60,asymmetric
61,asymmetrical dress
62,asymmetricalhem
63,asymmetricdres
64,athleticpant
65,Athletics
66,athleticset
67,athleticshort
68,athleticshortsmen
69,autumn and winter
70,autumnblouse
71,avocado
72,awordcollar
73,Baby
74,Baby Girl
75,babyswimfloatboat
76,backbowknotvest
77,backless
78,backless dress
79,backless halter top
80,backless tank tops
81,backless top
82,backlessbeachwear
83,backlessblouse
84,backlessromper
85,backlessshirt
86,backlesssiamese
87,backlessswimsuit
88,backlesstank
89,Backs
90,bagbuckle
91,baggy
92,baggydre
93,baggydres
94,baggydresseswomen
95,baggykaftandresse
96,baggypant
97,baggyshort
98,Bags
99,balckandwhite
100,Bali
101,ball gown
102,ballgowndre
103,ballonnen
104,Balloon
105,balloonsbirthday
106,balloonsforparty
107,bamboobag
108,bandage bikini
109,bandage dress
110,Bandage Dresses
111,bandage monokini
112,bandage swimsuit
113,bandage top
114,bandagebra
115,Bandages
116,bandanna
117,bandeau
118,bandeau top
119,bangdagebikini
120,barefootjewelry
121,Baseball
122,Baseball Cap
123,baseballcapforwomen
124,basecoat
125,basic
126,basicdres
127,basicdressboho
128,basictee
129,basictop
130,basictshirt
131,basicvestido
132,Basketball
133,Bat
134,Bath
135,Bathing
136,bathing suit
137,bathing suit cover ups
138,bathing suit women
139,Bathing Suits For Women
140,bathingshort
141,Bathroom
142,Battery
143,bcklessvest
144,Beach
145,beach bikini
146,beach coverup
147,beach dress
148,beach shoes
149,Beach Shorts
150,Beach Shorts Women
151,Beach slippers
152,beach swimwear
153,beach volleyball swimwear
154,beach wear
155,beach wear women
156,beach5pant
157,beachbag
158,beachblanket
159,beachblouse
160,beachcardigan
161,beachcoat
162,beachdresse
163,beachdrss
164,beachewear
165,beachjumpsuit
166,beachlacesleevelessdres
167,beachlooseshort
168,beachmat
169,beachpant
170,beachphonecase
171,beachsandal
172,beachshirt
173,beachsuit
174,beachsuitforwomen
175,beachsundres
176,beachtshirt
177,beachvest
178,beachvesttop
179,beachwear for women
180,beachwearbikini
181,beachwearladie
182,beachwera
183,beacwear
184,Beading
185,Beauty
186,bedroom
187,bedroomdoornet
188,Beds
189,beetshirt
190,Belly
191,bellydancepant
192,belt
193,benchwomen
194,bermudashort
195,Bib
196,bibpant
197,Bicycle
198,Big size
199,bigcat
200,bigcode
201,bigswing
202,biker
203,Bikes
204,biking
205,Bikini
206,Bikini Cover-Up
207,Bikini Lingerie
208,bikini set
209,bikini sexy
210,bikini suit
211,Bikini swimwear
212,bikini2017
213,bikinibeachcoverup
214,bikinibeachwear
215,bikiniblouse
216,Bikinis For Women
217,Bikinis Set
218,bikinis women
219,bikiniswimwearcoverup
220,BikiniWomen
221,bikinsuit
222,Birthday
223,black
224,black crop top
225,black dress
226,black lace
227,black skull bikini
228,Black Top
229,blacklacetrim
230,blackpant
231,blacktshirt
232,blackwhitepink
233,Blanket
234,blingblingdiamond
235,blouse
236,blouse women
237,blousedre
238,Blouses & Shirts
239,blousesampshirt
240,blousesforwomen
241,blousetop
242,blowing
243,Blues
244,blusa
245,blusasfeminina
246,blusasmujer
247,Board Shorts
248,Boat
249,boatneckblouse
250,bobo
251,Body Shapers
252,Body Suit
253,bodybuildingshort
254,bodycon
255,Bodycon Dress
256,Bodycon Dresses
257,bodycon jumpsuits
258,bodycon top
259,bodyconblouse
260,bodyconclothe
261,bodyconromperjumpsuitclub
262,bodyconset
263,bodyconsummerdres
264,bodyconsundres
265,bodyconvest
266,bodyconwrapdres
267,bodyshaperwomen
268,bodyslimmingcincher
269,bodysuitsjumpsuit
270,bodysuitwomen
271,bohemia
272,bohemiaalloynecklace
273,bohemian
274,bohemian dress
275,bohemian maxi dress
276,bohemiandresse
277,bohemianjewelry
278,bohemiansandal
279,bohemiasandal
280,boho
281,boho dress
282,bohoclothing
283,bohodressesforwoman
284,bohoheadband
285,bohoshirt
286,bohoskirt
287,bohostyle
288,bohotshirt
289,Bottom
290,Bottoming shirt
291,Bow
292,bowknot
293,bowknotdres
294,bowknottanktop
295,bowtop
296,Box
297,Boxer
298,boxer shorts
299,bra top
300,Bracelet
301,braceletset
302,Braids
303,bralette top
304,brallettesexy
305,Brand
306,Bras
307,bras for women
308,brasbraset
309,brassiere
310,brassierefemme
311,brayogavest
312,brazilian
313,Brazilian Bikini bottom
314,bre
315,Breathable
316,breathablesportshoe
317,breathableunderwear
318,bubble
319,bubbleball
320,Bucket Hats
321,Buckles
322,budsilkblouse
323,bunny
324,burgundy
325,burgundyskirt
326,Bustier
327,butterfliesprint
328,butterfly
329,butterflydre
330,butterflymask
331,butterflyprint
332,butterflyprintskirt
333,butterflytshirt
334,buttlifting
335,button
336,Button-Down Shirts
337,buttondres
338,buttontop
339,buttonup
340,caged bralette
341,Cake
342,Cami
343,Cami Tank Tops
344,cami top
345,camisamen
346,camishort
347,camisole
348,camisoleblouse
349,camisoles for women
350,camisolestanktop
351,camisoletanktop
352,camisolevest
353,camissole
354,camouflage
355,camouflagedre
356,camouflagenet
357,camouflagepant
358,camouflageprint
359,camouflageshort
360,camouflageshortsformen
361,camouflageshortsforwomen
362,camouflagetshirt
363,camouflagevest
364,camouflagewomensdre
365,camping
366,candy
367,candy color
368,candycolordres
369,candycolorsock
370,cannabisleafprint
371,Canvas
372,Canvas Shoes
373,Cap
374,capri leggings
375,capripant
376,caprisforwomen
377,carcover
378,cardigan
379,Cargo pants
380,cargoshort
381,carolebaskin
382,Cars
383,cartoon t shirt
384,Cartoons
385,case
386,cassualvest
387,Casual
388,casual cap
389,casual dress
390,casual dresses
391,Casual pants
392,casual shirt
393,casual shoes
394,Casual sweater
395,Casual T-Shirt
396,Casual Tops
397,casual wear
398,casualblouse
399,casualclothing
400,casualdressesforwomen
401,casualjumpsuit
402,casualloosedres
403,casualmensshirt
404,casualsandal
405,casualshirtformen
406,casualshirtforwomen
407,casualshort
408,casualshortpant
409,casualshortswomen
410,casualsleepwear
411,casualsolidcolor
412,casualstyle
413,casualsummersportsshort
414,casualsuspendertop
415,casualteeshirt
416,casualtrouser
417,casualtrunk
418,casualtshirttop
419,casualtwopiece
420,casualvest
421,casualwomendres
422,casualwomensjean
423,caterpillar
424,cathat
425,Cats
426,Causal
427,Causal Dress
428,causaljean
429,causalshirtwomen
430,causaltop
431,Chain
432,Chair
433,Charm
434,Charming
435,charmingdres
436,chaussurefamme
437,cheap tankini swimwear
438,cheeky bikini bottom
439,chemisehomme
440,Cherry
441,cheststrapvest
442,chestzipper
443,Chic
444,chiffiondres
445,chiffomdresse
446,chiffon
447,chiffon blouse
448,chiffon dress
449,Chiffon Shirt
450,Chiffon top
451,chiffonesummertop
452,chiffonpant
453,chiffontshirt
454,Children
455,Children's Toys
456,children39stoy
457,childrensballoon
458,Chinese
459,Christian
460,christianshirt
461,christiantshirt
462,ciclismo
463,Classics
464,Cloth
465,Clothes
466,Clothes for women
467,Clothing
468,clothingampaccessorie
469,Club Dress
470,club dresses
471,clubwear
472,Coat
473,Cocktail
474,Cocktail Dress
475,Cocktail dresses
476,Cocktail Party Dress
477,cocktailskaterminidres
478,Coffee
479,coffeetshirt
480,coldshoulder
481,Collar
482,collegegirlskirt
483,colorblock
484,colorchangingshort
485,Colorful
486,colorfultop
487,colorgel
488,combo
489,comfortableshirt
490,comfy
491,comfyshirt
492,competitive
493,compressionshort
494,Computers
495,contrastcolor
496,contrastcolordres
497,controlpantie
498,cool
499,cool shirts
500,Cool T-Shirts
501,Cool Tees
502,coolingfan
503,Corset
504,Corset Dress
505,corset top
506,cosmetic
507,Cotton
508,cotton crop top
509,Cotton Dress
510,Cotton Mens Shirts
511,Cotton Shirt
512,Cotton Socks
513,Cotton T Shirt
514,Cotton Vest
515,cottonblendjumpsuit
516,cottonblouse
517,cottonlinendre
518,cottonlinenshirt
519,cottonmask
520,cottonpant
521,cottonshortsleeve
522,cottontee
523,cottontop
524,countrygirl
525,countrygirllegging
526,countrymusicshirt
527,countrythunder
528,Couple
529,coupletshirt
530,Cover
531,Cover Ups
532,coverupsbikini
533,cowlbacktshirt
534,cowlnecktank
535,crew neck sweatshirts for women
536,Crewneck
537,crisscrossbackdre
538,crochet
539,crochet bikini
540,crochet halter top
541,crochet top
542,crop top
543,crop tops fashion
544,cropped
545,cropped top
546,croppedjean
547,croppedpant
548,croppedtrouser
549,crops
550,croptopandshortsset
551,croptopandskirt
552,croptopbra
553,croptopsforgirl
554,croptopsforwomen
555,croptoptshirt
556,Cross
557,crossbandage
558,Crossbody Bag
559,crossstrap
560,Crystal
561,crystalbikini
562,Cup
563,cushionbed
564,Cushions
565,cute
566,cute crop tops
567,cuteshirt
568,Cycling
569,Cycling Clothing
570,dailyclothe
571,daintyring
572,daisy
573,damenkleid
574,dandelionfloralprinted
575,Dark
576,darknavyskirt
577,datetop
578,datingdres
579,daydre
580,Decor
581,decoration
582,deep v neck top
583,Deep V-Neck
584,Deep V-neck Dress
585,deep-v
586,deepneck
587,deepvneckvest
588,Deer
589,deerhuntingprinted
590,demin
591,Denim
592,denim leggings
593,Denim pants
594,Denim Shorts
595,denimbibpant
596,denimjeansdres
597,denimjeansshort
598,denimjumpsuit
599,denimromper
600,depilatory
601,Design
602,dewshoulder
603,DIAMOND
604,diamondbikini
605,diamondbikiniset
606,digitalprintingvesttop
607,Dinosaur
608,disposable
609,divingequipment
610,divingmask
611,divingsnorkel
612,divingsnorkeling
613,Dog Supplies
614,dogcap
615,Doggie
616,doghat
617,doglovershirt
618,Dogs
619,donnahoney
620,Door
621,doorcurtain
622,doorscreennet
623,doublelayer
624,dragon fly
625,Draped
626,drawstring
627,drawstringpant
628,drawstringshort
629,Dress
630,Dress Shirt
631,dress slim
632,Dresses
633,dressesforladie
634,dressesforwomen
635,dressesforwomencasualsummer
636,dressesforwomensummer
637,dressforlady
638,dressforwomen
639,dressshield
640,dresswithpocket
641,dropcrotchpant
642,Durable
643,Dyes
644,easy
645,Elastic
646,elastic waist
647,elasticband
648,elasticblouse
649,elasticlegging
650,elasticshort
651,elasticskinnypant
652,elasticwaistshort
653,Electric
654,electricbugswatter
655,electricswatter
656,Elegant
657,Elegant Dress
658,elegantsplitskirt
659,elegantwomendre
660,Elephant
661,ellesse
662,ellessedressforwomen
663,ellessepant
664,Embroidery
665,Equipment
666,espadrille
667,essential
668,ethnicstylenecklace
669,european
670,European Style
671,Evening Dress
672,evening gown
673,evening party dress
674,eveningcocktailskaterminidres
675,Exercise & Fitness
676,Exotic
677,eye
678,Face Mask
679,facecover
680,facial
681,fahsion
682,faith
683,faithtshirt
684,faketwopiecesdres
685,falda
686,Family
687,Fans
688,fanscooling
689,Fashion
690,Fashion Accessories
691,Fashion Accessory
692,fashion bag
693,fashion bikini
694,fashion brand
695,fashion clothing
696,fashion dress
697,fashion dresses
698,fashion girl
699,Fashion Men
700,fashion pants
701,fashion shirt
702,Fashion Skirts
703,Fashion Suits
704,fashion swimsuit
705,Fashion tank top
706,fashion top
707,fashion vest
708,fashion women
709,fashionbrandsuit
710,fashionbreathableshoe
711,fashiondesign
712,fashionpantyhose
713,fashionshortsleeve
714,fashionsundre
715,fashionsweetladybeautywomenbikinisexyswimwear
716,fashionswimsuitswimwearbathingsuit
717,fashiontee
718,fashiontunicdres
719,fashionvesttop
720,fashionwomencroptop
721,fashionwomenmonkini
722,fashionwomensdresseveningcocktaildresslongdressbandagesmlxl
723,fashionwomensummershort
724,fathertshirt
725,fauxjean
726,fauxpant
727,fearofgod
728,feather
729,featherprint
730,Female
731,femaletshirt
732,femalevest
733,femmerobe
734,Festival
735,finger ring
736,fish
737,fishermanshat
738,Fishing
739,fit
740,Fitness
741,fitness leggings
742,fitness top
743,fitnesspant
744,fitnesspantie
745,fitnessset
746,fitnessshort
747,fitnessvest
748,fitnessvestmen
749,Fitted
750,Fitted Dress
751,fivepant
752,flamingo
753,flamingotshirt
754,flare
755,flaresleeve
756,flaresleeveblouse
757,flat shoe
758,Flats
759,flatshoesforwoman
760,Flip Flops
761,flipflopsandal
762,floatboat
763,floatseat
764,flora
765,Floral
766,floral bikini
767,Floral dress
768,floral lace
769,Floral print
770,floral shirt
771,floral skirt
772,floraldresse
773,floraldresseswomen
774,florallingerie
775,floralprintdres
776,floralprinted
777,floralprinteddre
778,floralprinteddres
779,floralprintromper
780,floralprintswimwear
781,floraltop
782,floralwomendres
783,flowerlacedre
784,flowerprint
785,flowerprinteddre
786,Flowers
787,flowytanktop
788,flowytop
789,fluffy
790,fluffydres
791,fluffyshortskirt
792,fluffyskirt
793,flyswatter
794,flyswatterelectric
795,Food
796,foreign trade
797,Formal Dress
798,Formal Dresses
799,Fountain
800,Fox
801,freddiemercury
802,freddiemercuryshirt
803,freshsummer
804,frilled
805,frilledhem
806,fullfacemask
807,fulllengthdre
808,fullmark
809,Fun
810,Funny
811,Funny T Shirt
812,funnyshirt
813,funnytank
814,funnytee
815,funnytop
816,fur
817,Furniture
818,furryslipper
819,furslide
820,furslipperswomen
821,gaes
822,Game
823,Garden
824,Garden Decor
825,gardenponddecor
826,gasballoon
827,gatherbracketbikini
828,gauzenet
829,gel nail polish
830,Geometric
831,geometricpattern
832,Get
833,giftformen
834,Gifts
835,gifts for dad
836,Girl
837,girl bra
838,Girls Clothes
839,Girls Dresses
840,girlsbowknotbikini
841,girlsshirt
842,girlsupplie
843,girltanktop
844,Glasses
845,goingout
846,gold
847,Gold Ring
848,golden
849,Golf
850,Goth
851,gothic
852,gothic clothing
853,gothicshirt
854,gothstyle
855,gowns
856,gradient
857,gradientcolor
858,gradualchange
859,Graffiti
860,graffitisticker
861,Graphic Shirt
862,Graphic T-Shirt
863,graphic tee
864,graphic tees women
865,graphicprint
866,Gray
867,Green
868,green dress
869,Grey
870,Grunge
871,Gym
872,gymshort
873,gymshortssportpant
874,gymstighttshirt
875,gymwear
876,gypsy
877,gypsypant
878,hair
879,Hair Accessories
880,Hair Band
881,hairgrowthinhibitor
882,hairremoval
883,hairrope
884,halfsleeve
885,halfsleevedre
886,halfsleevedres
887,Halter
888,Halter Bikini
889,halter dress
890,halter tankini
891,halter top
892,halterblousesforwomen
893,halterlacebralette
894,halterlingerieset
895,halterneck
896,Halterneck Top
897,haltershirt
898,haltertank
899,haltertshirt
900,hammock
901,Handbags
902,handkerchief
903,Handmade
904,handwoven
905,hangingneckfan
906,Harajuku
907,harem
908,harem pants
909,harlonpant
910,Hats
911,Head
912,Head Bands
913,head scarf
914,headbandsturban
915,headdress
916,Health
917,Health & Beauty
918,heandband
919,Heart
920,heartprint
921,Heels
922,heightenedshoe
923,hellyhansen
924,henley
925,herrenpolotshirt
926,High Heel
927,high waist
928,high waist bikini
929,High Waist Pants
930,high waist shorts
931,high waist skirt
932,high waist swimsuit
933,high waisted
934,high waisted bathing suits
935,High Waisted Bikini
936,high waisted pants
937,high waisted shorts
938,highcollartop
939,highsplitdre
940,hightwaistdres
941,hightwaistpant
942,highwaispant
943,highwaistdres
944,highwaisttop
945,Hiking
946,Hip Hop
947,hiplifting
948,hippie
949,hippietshirt
950,hipplesoul
951,Hobbies
952,holejean
953,Holiday
954,holidaydres
955,Hollow
956,Hollow-out
957,hollowingout
958,hollowoutbikini
959,hollowoutlingerie
960,hollowouttanktop
961,Home
962,Home & Garden
963,Home & Kitchen
964,Home & Living
965,Home Decor
966,Home Décor
967,homeampliving
968,hooded
969,Hoodies
970,Hot pants
971,hotcasual
972,hotrhinestone
973,hotshaper
974,Household
975,humanskeletonprint
976,Hunting
977,Ice
978,icesilk
979,Indoor
980,Indoor Slippers
981,Inflatable
982,inflatablebed
983,inflatablefloatchair
984,inflatablelounger
985,inflatablepool
986,inflatablesofa
987,inflation
988,insectnet
989,insectzapper
990,insulatedcooler
991,interaction
992,interactive
993,Invisible
994,invisiblesock
995,irregualr
996,irregualshirt
997,Irregular
998,irregulardre
999,irregulardres
1000,irregularhem
1001,irregularhemdre
1002,isolation
1003,ittakestwo
1004,Jack Daniels
1005,jackdanielsprinttop
1006,Jacket
1007,jean shorts
1008,Jeans
1009,jeansforwomen
1010,jeansshort
1011,jegging
1012,jeggingsforwoman
1013,jeggingsforwomen
1014,jeggingsjeansforwomen
1015,Jerseys
1016,Jewelry
1017,joeexotic
1018,Jogger
1019,jogging
1020,jogging suit
1021,jogging suits for women
1022,joggingpant
1023,juicewrld
1024,juicewrldshirt
1025,Jumpers
1026,jumpsuit
1027,jumpsuitforwomen
1028,jumpsuitromper
1029,Jumpsuits & Rompers
1030,jumpsuitsampromper
1031,jumpsuitsforwomen
1032,jumpsuitshort
1033,jumpsuitsjean
1034,jumsuitsforwomen
1035,kaftan
1036,kaftandre
1037,kaftandres
1038,kaftandresse
1039,kanyewest
1040,Kawaii
1041,kawaiicute
1042,kerchief
1043,kids
1044,kimono
1045,kimonocardigan
1046,kimonosforwomen
1047,kindne
1048,King
1049,Kit
1050,kleid
1051,kleider
1052,kleiderdamen
1053,knee
1054,knee length
1055,knee length dress
1056,Knickers
1057,knit
1058,knitskirt
1059,knitted
1060,knitted crop top
1061,knittop
1062,knot
1063,korea
1064,Korean
1065,korean style
1066,kurzehosen
1067,Lace
1068,Lace Bikini
1069,lace blouse
1070,lace bralette top
1071,lace crop top
1072,Lace Dress
1073,lace dresses
1074,lace lingerie
1075,lace shirts
1076,lace skirts
1077,lace t shirt
1078,lace tank top
1079,lace top
1080,lace trim
1081,Lace Up
1082,lace vest
1083,lacebra
1084,lacebralette
1085,lacebrallette
1086,lacedresswhite
1087,lacehollow
1088,lacelingerieset
1089,lacepaneltanktop
1090,laceseamle
1091,laceshort
1092,lacesummer
1093,lacetrouser
1094,laceuplingerie
1095,Ladies
1096,ladies dress
1097,Ladies Fashion
1098,ladies skort
1099,Ladies Top
1100,ladiesdresse
1101,ladiesmessengerbag
1102,ladiessleevelesstop
1103,Lady
1104,ladyswimsuit
1105,ladyswimwear
1106,Lantern
1107,lanternsleeve
1108,Laptop
1109,Large
1110,Large Size
1111,largecottonandlinenwomenstrouser
1112,lattice
1113,layeredpalazzopant
1114,lazyfan
1115,leaf
1116,leafprint
1117,leafprinting
1118,legging fitness
1119,leggingforwomen
1120,Leggings
1121,Leggings for Women
1122,leggings that look like jeans
1123,leggingsamptight
1124,leggingspant
1125,legs
1126,Leisure
1127,Lens
1128,Leopard
1129,leopard print
1130,leopardprinted
1131,letter print
1132,letterprinted
1133,letterprintedshirt
1134,letterprinttshirt
1135,lettersprinted
1136,linen dress
1137,linenjumpsuit
1138,linentop
1139,Lines
1140,Lingerie
1141,Lingerie Sets
1142,lip
1143,lipprint
1144,lipshirt
1145,lipsprint
1146,lipsshirt
1147,Loafers
1148,Lolita
1149,long
1150,Long Coat
1151,long dress
1152,long dresses
1153,Long pants
1154,long shirt
1155,long skirt
1156,Long Sleeve
1157,long sleeve blouse
1158,long sleeve dress
1159,long sleeve shirt
1160,long sleeve shirt women
1161,long sleeve t shirt
1162,Long sleeve top
1163,Long sleeved
1164,long_maxi_dress
1165,longblouse
1166,longcardigan
1167,longfleece
1168,longloosedres
1169,longmaxiskirt
1170,longshirtdres
1171,longshirtsforwomen
1172,longtop
1173,longtrouser
1174,Loose
1175,loose dress
1176,loose shirt
1177,loose t-shirt
1178,Loose tank tops
1179,loose top
1180,looseblouse
1181,loosecasualsweatpant
1182,loosedresse
1183,loosejean
1184,loosejumpsuit
1185,loosepant
1186,looseshort
1187,looseshortdres
1188,loosetee
1189,loosevest
1190,loseweight
1191,Lotus
1192,lotusprinted
1193,lounge
1194,loungewearset
1195,Love
1196,lovely
1197,lovelydres
1198,loveprinttshirt
1199,low
1200,low cut
1201,low cut top
1202,lowwaistunderwear
1203,luggagesticker
1204,magicbubble
1205,magicbubbleball
1206,magneticscreendoor
1207,maillot
1208,maixdre
1209,malebrief
1210,mamatshirt
1211,Man t-shirts
1212,mandala
1213,Masks
1214,Massage
1215,Massage & Relaxation
1216,matching
1217,Maternity
1218,Maternity Dresses
1219,maternitydres
1220,maternityshirt
1221,Mats
1222,mattegel
1223,mattetopcoat
1224,mattress
1225,maxi dress
1226,Maxi Dresses
1227,maxi skirt
1228,maxi summer dresses
1229,maxide
1230,Maxis
1231,mediasmujer
1232,Medium
1233,Men
1234,men jeans
1235,men shirt
1236,Men Shorts
1237,Men T-shirt
1238,Men Tops
1239,men's casual  shirt
1240,men's dress shirt
1241,Men's Fashion
1242,Men's pants
1243,Men's Sandals
1244,Men's Shirt
1245,men's shorts
1246,men's suits
1247,Men's vest
1248,menbeachshort
1249,menfashionshort
1250,menpoloshirt
1251,Mens T Shirt
1252,mens Trousers
1253,mensboardshort
1254,menscasulshort
1255,mensdrawstringshort
1256,mensfitnessshirt
1257,mensfitnesstshirt
1258,mensjoggersuit
1259,mensjoggingsuit
1260,menspersonalityfitnessvest
1261,menspocketsshort
1262,menspoloshirtbrand
1263,mensshortpant
1264,menssolidcolorshort
1265,menssportspant
1266,menssummersuit
1267,mensswimtrunk
1268,mensummerjean
1269,mensummerrunningshort
1270,mensummertshirt
1271,menswimshort
1272,mentionhippant
1273,mentracksuit
1274,mermaid
1275,meshshirt
1276,midcalf
1277,midcalfdre
1278,midcalfdres
1279,middlewaist
1280,Midi Dress
1281,Midi Dresses
1282,mididre
1283,midilength
1284,midpant
1285,midriff
1286,midshort
1287,midsleevebeachblouse
1288,midwaist
1289,Military
1290,militarycamo
1291,Mini
1292,Mini dress
1293,mini dress sexy club wear
1294,mini dresses
1295,mini skirt
1296,minibag
1297,minidresselvendre
1298,minidressforwomen
1299,minifan
1300,minishirtdres
1301,minishort
1302,Moisturizing Socks
1303,momandkid
1304,momshirt
1305,monokini
1306,Monokini Swimsuits
1307,Moon
1308,moonphase
1309,moonshirt
1310,Mori Girl
1311,mosquitokiller
1312,mosquitoswatter
1313,Mother
1314,motherdaughterdresse
1315,motherdaughtermatchingclothe
1316,Motorcycle
1317,mouth
1318,multicolorprinting
1319,multilayerchainnecklace
1320,multilayerdropnecklace
1321,Muscle
1322,muscleshirt
1323,Music
1324,nail art
1325,Nail Gel
1326,nail gel set
1327,nail kit
1328,Nail Polish
1329,Nails
1330,nailuvgel
1331,national
1332,navel
1333,Navy
1334,neck dress
1335,neckcroptop
1336,neckfan
1337,neckfancooler
1338,neckfansportable
1339,neckhangingfan
1340,Necklace
1341,Neckline
1342,Necks
1343,New arrival
1344,New Fashion
1345,new2020
1346,newsexyfulllongeveningdressbodyconsundressclubwearmaxibohodressessxl
1347,newskirt
1348,night dress
1349,Nightclub Tops
1350,Nightgown
1351,nightwear
1352,ninthpant
1353,non-slip
1354,nonslipslipper
1355,nootnoot
1356,noshowamplinersock
1357,nude
1358,Nylon
1359,nylonmat
1360,o-neck
1361,obesity
1362,ocean
1363,off shoulder
1364,off shoulder dress
1365,Off shoulder shirt
1366,off shoulder top
1367,Off shoulder tops for women
1368,off the shoulder dress
1369,off the shoulder top
1370,Office
1371,offsholuder
1372,offshoulderbodycondres
1373,offshoulderjumpsuit
1374,offtheshoulder
1375,oldschool
1376,one piece bathing suit
1377,One Piece Swimsuits
1378,one shoulder dress
1379,one shoulder-bikini
1380,One-Piece Suits
1381,one-shoulder
1382,onecktshirt
1383,onepiece
1384,open toe
1385,openfork
1386,openfront
1387,openworkpanel
1388,Outdoor
1389,Outdoor Sports
1390,outdoorampcampingaccessorie
1391,outdoormat
1392,outdoorpool
1393,outdoorslipper
1394,outdoorsuit
1395,outdoorwatergamepad
1396,Outfits
1397,Outfits & Sets
1398,outside
1399,outweartop
1400,Overalls
1401,overallsforwomen
1402,Oversize
1403,oversizedpant
1404,Owl
1405,package hip dress
1406,packagehip
1407,padded
1408,padded bikini
1409,Padded Bra
1410,padded swimsuit
1411,paddedfringetasselbikinibeachswimwear
1412,paddle
1413,painlessdepilation
1414,Pajamas
1415,pajamaset
1416,pajamasforwomen
1417,pajamassleepwear
1418,pajamassuit
1419,palazzopant
1420,palysuit
1421,pant womens summer
1422,pantalonfemme
1423,Panties
1424,pants
1425,Pants & Capris
1426,pants women
1427,pantsformen
1428,pantsforwomen
1429,pantsplussize
1430,pantsshort
1431,pantssuit
1432,party
1433,Party Dress
1434,Party Dresses
1435,partydressesforwomen
1436,partyeveningcocktailskaterminidres
1437,partyshirt
1438,pastoralstyle
1439,Patchwork
1440,patchworkdres
1441,Patio
1442,patiodecoration
1443,patternedtop
1444,patydresse
1445,pawprinttshirt
1446,pencil
1447,pencil pants
1448,pencil skirt
1449,Penguin
1450,pentacleprint
1451,permanent
1452,personalizedvest
1453,perspirationpad
1454,Pet Supplies
1455,Pets
1456,Phone
1457,Phone Accessories
1458,phonebag
1459,Photography
1460,Picnic
1461,picnicmat
1462,pin up
1463,pineappleflowerpattern
1464,pineappleshirtwomen
1465,pink
1466,plaid
1467,Plaid Dress
1468,plaid shirt
1469,plaidchecked
1470,plaincolor
1471,plaincolordres
1472,PLAINCROP TOP
1473,Plastic
1474,Platform
1475,Platform Shoes
1476,platformsandal
1477,playsuit
1478,playsuitforwomen
1479,playsuitoutfitsclothing
1480,playtoy
1481,Pleated
1482,pleated dress
1483,Pleated Skirt
1484,pleateddresse
1485,pleatedhem
1486,pleatedtop
1487,plus
1488,Plus Size
1489,plus size bathing suits
1490,plus size bathing suits for women
1491,plus size bikinis
1492,plus size dress
1493,plus size dresses
1494,Plus Size Fashions
1495,plus size hippie dresses
1496,plus size jeans
1497,plus size monokini
1498,Plus Size Swimwear
1499,Plus size top
1500,plussizeclothe
1501,plussizejumpsuit
1502,plussizemaxidresse
1503,plussizepant
1504,plussizeshirt
1505,plussizeshort
1506,plussizeshortsforwomen
1507,plussizeskirt
1508,plussizetanktop
1509,plussizetshirt
1510,plussizevest
1511,plusszie
1512,Pocket
1513,pocketdres
1514,pocketsdres
1515,pocketskirt
1516,polka dot
1517,polka dot dress
1518,polkadottedbikini
1519,Polkas
1520,polo hat
1521,polo men
1522,Polo Shirts
1523,polohomme
1524,Polos
1525,poloshirtherren
1526,poloshirtmen
1527,poloshirtsformen
1528,Polyester
1529,Polyester Shirt
1530,ponytailhat
1531,pool
1532,poolaccessorie
1533,poolfloatingpanel
1534,portablefan
1535,Pouch
1536,powerpuffgirl
1537,pregnancydres
1538,pregnancyshirt
1539,pregnant
1540,pregnantshirt
1541,Pretty
1542,Princess
1543,princess dress
1544,princessprom
1545,Print
1546,print dress
1547,Print Dresses
1548,print shirt
1549,print t-shirt
1550,printbikini
1551,printed
1552,Printed Leggings
1553,printed shirts
1554,Printed T Shirts
1555,Printed Tee
1556,printedbikini
1557,printeddre
1558,printeddres
1559,printedjumpsuit
1560,printedletterstop
1561,printedpajamasset
1562,printedswimwear
1563,printedtop
1564,printedvest
1565,printedwomensdre
1566,Printing
1567,Printing t shirt
1568,printingdres
1569,printingpajama
1570,printjumpersuit
1571,printjumpsuit
1572,printmask
1573,printtank
1574,printtanktop
1575,printtop
1576,printvest
1577,Prom
1578,prom dress
1579,prom dresses
1580,pulloverdres
1581,Pullovers
1582,pullovershirt
1583,Puma
1584,punk
1585,punk style
1586,punkdre
1587,punkdres
1588,punkshirt
1589,punktshirt
1590,puppy
1591,puppyhat
1592,pure
1593,Pure Color
1594,Pure Cotton
1595,purses
1596,pursesampwallet
1597,Push up bikini
1598,push up bra
1599,push up swimwear
1600,Push-Up
1601,pushupbikiniset
1602,pushuppaddedbra
1603,pushupsuit
1604,pushupswimsuittop
1605,pushupswimtop
1606,pyjama
1607,pyjamaswomen
1608,quickdry
1609,quickdryingshort
1610,Racer back tank
1611,rainbow
1612,Rechargeable
1613,Red
1614,retro
1615,retro style
1616,retrotshirt
1617,Rhinestone
1618,ribbed
1619,ribbed crop top
1620,ridingpant
1621,Ring
1622,rippeddre
1623,rippedjean
1624,rippedshort
1625,robefemme
1626,Robes
1627,robesforwomen
1628,rockandroll
1629,rodeotank
1630,Roman
1631,romperoutfit
1632,Rompers
1633,rompers womens jumpsuit
1634,rompersforwomen
1635,rompersjumpsuit
1636,rompersoverall
1637,rompersshort
1638,romperswomen
1639,romperswomenjumpsuit
1640,ropa
1641,ropademujer
1642,Rope
1643,Rose
1644,Rose Gold Ring
1645,roseprint
1646,Round Collar
1647,Round neck
1648,roundneckdres
1649,roundneckflared
1650,roupas femininas
1651,Rubber
1652,ruched bikini bottom
1653,ruchedtank
1654,ruchedtanktop
1655,ruffle
1656,ruffle crop top
1657,ruffle top
1658,ruffled
1659,ruffledtop
1660,ruffletanktop
1661,rugrat
1662,rugratsprint
1663,rugratsset
1664,Running
1665,running skirt
1666,runningfitne
1667,runningjumpsuit
1668,runningpant
1669,runningset
1670,runningshort
1671,runningshortsformen
1672,safetypant
1673,saialonga
1674,saiaplissada
1675,sailboatshort
1676,sandalefemme
1677,sandalendamen
1678,sandaliasfeminina
1679,sandaliasmujer
1680,Sandals
1681,Sandals & Flip Flops
1682,sandals for women
1683,sandalswomen
1684,sandybeach
1685,sanskrit
1686,saty
1687,scallopedtrimtop
1688,scarf
1689,School
1690,schoolgirl
1691,schoolskirt
1692,scrunch
1693,Seal
1694,Seamless
1695,Seats
1696,seenyousoon
1697,Sequin
1698,sequin top
1699,sequinsnailgel
1700,Set
1701,setsforwomen
1702,sextop
1703,sexy
1704,sexy bathing suit
1705,sexy bikini
1706,sexy bra
1707,sexy brazilian bikinis
1708,sexy camisole
1709,SEXY CROP TOP
1710,Sexy Dress
1711,sexy dresses
1712,sexy jumpsuit
1713,sexy lace
1714,sexy lace tank top
1715,sexy leggings
1716,sexy lingerie
1717,sexy monokini
1718,sexy one piece bathing suit
1719,sexy pajamas for womens
1720,sexy shirts
1721,sexy shirts for women
1722,sexy skirt
1723,sexy sleepwear dress
1724,sexy swimsuit
1725,Sexy Swimwear
1726,sexy tank
1727,sexy tank top
1728,sexy tankini
1729,Sexy Top
1730,sexy tops for women
1731,Sexy Tshirt
1732,sexy underwear
1733,Sexy Wedding Dress
1734,Sexy women
1735,sexy Women's Fashion
1736,sexyandbeautifulstyle
1737,sexybacklessdres
1738,sexyblouse
1739,sexyblouseforwomen
1740,sexyblousetop
1741,sexydressesforwoman
1742,sexydressforwomen
1743,sexyoutfit
1744,sexypleated
1745,sexyplussizetankini
1746,sexyshort
1747,sexyshortdresse
1748,sexysummerdres
1749,sexyswimwearset
1750,sexythongswimwear
1751,sexytshrit
1752,sexyvest
1753,sexywomendre
1754,shaperwear
1755,shaping
1756,Shaving & Hair Removal
1757,Sheath Dress
1758,Sheer
1759,sheer mesh top
1760,sheerlacebra
1761,sheertop
1762,Shift Dress
1763,Shirt
1764,shirt dress
1765,shirt women
1766,shirtandshort
1767,shirtdressforwomen
1768,Shirts & T-Shirts
1769,shirts for men
1770,shirtsforwomen
1771,Shoes
1772,Shopping Bag
1773,short dress
1774,short leggings
1775,Short pants
1776,short skirt
1777,short skirt skorts
1778,Short Sleeve Blouses
1779,short sleeve dress
1780,short sleeve shirt
1781,Short Sleeve T-Shirt
1782,Short Sleeved
1783,short sleeved tshirt
1784,short sleeves
1785,Short top
1786,short-s jeans
1787,short-sleeved shirt
1788,shortjean
1789,shortjumpsuit
1790,shortpantsforwomen
1791,shortromper
1792,Shorts
1793,shorts feminino
1794,shortsdresse
1795,shortsection
1796,shortsetsforwomen
1797,shortsformen
1798,shortsforwomen
1799,shortshirt
1800,shortskirtsdresse
1801,shortsleevee
1802,shortsleevesdre
1803,shortsleevesdres
1804,shortsleeveset
1805,shortsleevestee
1806,shortsleevetop
1807,ShortsMen
1808,shortsock
1809,shortssuit
1810,shorttshirt
1811,Shoulder Bags
1812,shoulder dress
1813,shoulderdrape
1814,shouldertop
1815,showerroom
1816,siamesetrouser
1817,sidesplitshirt
1818,Silicone
1819,siliconedivingmask
1820,silk
1821,silk dress
1822,silksleepwear
1823,silksleepwearforwomen
1824,silksleepwearnightgown
1825,silksock
1826,silmfit
1827,silver
1828,Silver Ring
1829,simfit
1830,Simple
1831,Simple Style
1832,simplebib
1833,singleshoulder
1834,sizesxxxl
1835,Skateboard
1836,skateboardsticker
1837,Skeleton
1838,skeletonprint
1839,skeletonprinted
1840,skeletonvest
1841,skewneck
1842,skewshoulder
1843,Skincare
1844,skinngjean
1845,skinny
1846,skinny jeans
1847,skinny pants
1848,skinnylegging
1849,skinnyshort
1850,Skirts
1851,Skirts women
1852,skirtsuit
1853,sknnyshort
1854,skort
1855,skull
1856,skullprint
1857,skullprinted
1858,skullshirt
1859,skullshirtwomen
1860,skulltanktopforwomen
1861,slack
1862,slashneck
1863,slashneckjumpsuit
1864,Sleepwear
1865,sleepweardre
1866,Sleeve
1867,sleeve chiffon
1868,sleeve dress
1869,sleeve lace
1870,sleeve v-neck
1871,sleevehead
1872,sleevele
1873,sleeveless
1874,sleeveless crop top
1875,Sleeveless dress
1876,Sleeveless Shirt
1877,sleeveless tops
1878,sleevelessblouse
1879,sleevelessdresse
1880,sleevelessjumpsuit
1881,sleevelessshort
1882,sleevelessskirt
1883,sleevelesstanktop
1884,sleevelesstopsforwomen
1885,sleevelesstshirt
1886,sleevelessvest
1887,sleevelessvestmen
1888,sleeves
1889,sleveles
1890,slidesforwomen
1891,slideslipper
1892,slim
1893,Slim  Fitting
1894,slim dress
1895,Slim Fit
1896,slim fit shirt
1897,slim long
1898,slim shirts
1899,Slim T-shirt
1900,slimfitdre
1901,slimfitpant
1902,slimfittop
1903,slimming
1904,slimmingcorset
1905,slimmingcream
1906,slimmingshapewear
1907,slimmingwaistbelt
1908,slimpant
1909,slimtank
1910,slimtop
1911,slimvest
1912,slimvestmen
1913,Slimwaist
1914,slimwaistshaperbelt
1915,Sling
1916,slingdre
1917,slingdres
1918,slingdresse
1919,slingshirt
1920,slingtop
1921,slingvest
1922,Slippers
1923,slippers for women
1924,slippers women
1925,slitdres
1926,slitpant
1927,smallvest
1928,Smartphones
1929,Sneakers
1930,soakoffgel
1931,Socks
1932,socksamphosiery
1933,socksamptight
1934,Sofas
1935,Soft
1936,Soft and comfortable
1937,softcomfortable
1938,soildcolor
1939,Solar
1940,solarfountain
1941,solid
1942,solid color
1943,solidbiker
1944,solidblouse
1945,solidcolordre
1946,solidcolordres
1947,solidcolordresse
1948,solidcolorshirt
1949,solidcolorshort
1950,solidcolorshortpant
1951,solidcolortop
1952,soliddre
1953,soliddresse
1954,solidtank
1955,solidtop
1956,sommerkleid
1957,southafrican
1958,Spaghetti
1959,Spaghetti Strap
1960,spaghetti strap tank top
1961,spaghetti strap top
1962,spaghettishoulderstrapdre
1963,spaghettishoulderstrapdres
1964,spaghettistrapdre
1965,spaghettistrapdres
1966,spaghettistrapdresse
1967,spaghettistrapjumpsuit
1968,spaghettistrapsdres
1969,spaghettistraptshirt
1970,Spike
1971,splice
1972,splicedre
1973,Splicing
1974,splitbikiniset
1975,splitbohodre
1976,splitdre
1977,splitdresse
1978,splits
1979,splitswimsuit
1980,Sport
1981,Sport & Outdoor
1982,sport bra top
1983,sport legging
1984,sport pants
1985,sport suit women
1986,Sport Suits
1987,sport tank top
1988,Sport Tops
1989,sport2set
1990,sportampentertainment
1991,sportampoutdoor
1992,sportcroptop
1993,sportfan
1994,Sports & Outdoors
1995,Sports Bra
1996,Sports Pants
1997,Sports Wear
1998,sportsampoutdoor
1999,sportsamprecreation
2000,sportset
2001,sportshort
2002,sportspantie
2003,sportsset
2004,sportsshort
2005,sportstop
2006,sporttshirt
2007,sportvest
2008,sportwear
2009,Sportwear women
2010,sporty
2011,sportytankini
2012,sprayer
2013,Sprays
2014,Spring
2015,Spring/Autumn
2016,springandsummer
2017,springdre
2018,springskirt
2019,squarescarf
2020,Stamps
2021,Star
2022,statementring
2023,Sterling
2024,Stickers
2025,Stitching
2026,Storage
2027,straighttrouser
2028,strand
2029,strangerthing
2030,strap
2031,strapdre
2032,strapdres
2033,strapless
2034,strapless bikini
2035,strapless crop top
2036,Strapless Dress
2037,Strapless Top
2038,straplessblouse
2039,straplesstanktop
2040,strappant
2041,strappingshort
2042,strappy
2043,strappy bikini
2044,strappydre
2045,strappydres
2046,strappytop
2047,strawbag
2048,Street
2049,street style
2050,streetwear
2051,stretch
2052,stretchshort
2053,stretchytop
2054,String Bikini
2055,Striped
2056,striped bikini
2057,striped dress
2058,stripedres
2059,Stripes
2060,stripetee
2061,studentsstyle
2062,Suits
2063,suits for women
2064,Summer
2065,summer bikini
2066,summer clothes for women
2067,summer dress
2068,summer dresses
2069,Summer Fashion
2070,summer shirt
2071,summer shoes
2072,summer shorts
2073,summer skirt
2074,summer t-shirts
2075,summer tank top
2076,summer tops
2077,summerampspring
2078,summerathleisure
2079,summerbathingsuit
2080,summerbeach
2081,summerbeachbikini
2082,summerbikiniset
2083,summerblouse
2084,summercap
2085,summercardigan
2086,summercasualdres
2087,summercasualfashionsexywomenprintbikinissetpushupbraswimsuitmidwaist
2088,summercocktaildres
2089,summercroptop
2090,summerdressesforwomen
2091,summerdresseswomen
2092,summerfamilyentertainmenttoy
2093,summerfashiontop
2094,summerfashiontshirt
2095,summerjean
2096,summerjumpsuit
2097,summerlongskirt
2098,summermensclothing
2099,summeronepiece
2100,summeroutfit
2101,summerpant
2102,summerset
2103,summershirtsformen
2104,summershortpant
2105,summershortsformen
2106,summershortsforwomen
2107,summershortsleevetshirt
2108,summershortswomen
2109,summersleeveelessdres
2110,summersock
2111,summersportssuit
2112,summersportsvest
2113,summersuit
2114,summersuitset
2115,summersunsuit
2116,summerswimming
2117,summerswimsuit
2118,summerswimwear
2119,summertank
2120,summertee
2121,summertool
2122,summertrouser
2123,summervest
2124,summerwear
2125,summerwomenbikini
2126,summerwomenladysleevelesschiffonflouncinglongsundressdressmaxidressloosedlongdres
2127,summerwomentop
2128,sumnerblouseforwomen
2129,sun hat
2130,sun protection swimwear
2131,sundress
2132,sundressesforwomen
2133,sunflowerbathingsuit
2134,sunflowerprint
2135,Sunflowers
2136,sunhatfordog
2137,sunmmertshirt
2138,Sunscreen
2139,sunshadecover
2140,sunshine
2141,suntop
2142,surferring
2143,surfshort
2144,suspended
2145,suspenderdres
2146,suspenders
2147,suzuki
2148,sweat pants
2149,sweat suit
2150,sweatabsorbent
2151,Sweaters
2152,sweatersformen
2153,sweatguardpad
2154,sweatpad
2155,Sweatshirts
2156,sweatvest
2157,sweetheart
2158,sweetheartdres
2159,Sweets
2160,swim dress
2161,Swim Shorts
2162,swim suit cover up
2163,swim trunk
2164,Swim Wear Cover Up
2165,Swimdresses
2166,Swimming
2167,swimming pool supplies
2168,Swimming Pools
2169,Swimming suit
2170,swimming suit for women
2171,swimmingbottom
2172,swimmingchair
2173,swimmingfacemask
2174,swimminglap
2175,swimmingmask
2176,swimmingpoolseat
2177,swimmingpoolspraypad
2178,swimmingshort
2179,swimring
2180,Swimsuit
2181,Swimsuit  For Women
2182,Swimsuit Cover
2183,swimsuit model
2184,swimsuits for girls
2185,swimsuits for women
2186,swimsuitscoverup
2187,swimwea
2188,Swimwear
2189,swimwear for men
2190,SwimwearWomen
2191,swimwearwomen2017
2192,Swing
2193,Swing dress
2194,t
2195,t shirt printing
2196,T Shirts
2197,t-shirt dress
2198,T-Shirt womens
2199,T-Shirts polo sport men's
2200,tacksuit
2201,tacticalpant
2202,taeeltshirt
2203,takeashower
2204,Tank
2205,tank top
2206,tank top women
2207,tank tops women
2208,Tank&Sleeveless
2209,tankcroptop
2210,tankdre
2211,tankdres
2212,tankini bathing suits
2213,Tankini Set
2214,Tankini Swimsuits
2215,Tankinis
2216,tanksforwomen
2217,tanktopcroptop
2218,tanktopdres
2219,tanktopforwomen
2220,Tanktops for women
2221,tanktopshirt
2222,tankvest
2223,taschendamen
2224,tasselbikini
2225,tasseldre
2226,Tassels
2227,tasselslingerie
2228,tattoo
2229,tearresistant
2230,Tech & Gadgets
2231,Tee
2232,Tee Shirt
2233,tee shirt women
2234,teen
2235,Tees & T-Shirts
2236,teesamptshirt
2237,teeshirthomme
2238,teetop
2239,teevest
2240,Temperament
2241,Tennis
2242,tennisdres
2243,tennisskirt
2244,tes
2245,the new
2246,thevampirediarie
2247,theweststyle
2248,thinsock
2249,Thong
2250,Tie Dye
2251,tiedyeprint
2252,tiedyeprinted
2253,tiedyeshirt
2254,tiedyetank
2255,tiedyetshirt
2256,Tiger
2257,tigerking
2258,tigershirt
2259,tiktok
2260,tiktoktshirt
2261,tinyring
2262,toolsgadget
2263,topandblouse
2264,topbasegel
2265,topbra
2266,toppant
2267,Tops
2268,Tops & Blouses
2269,Tops & T-Shirts
2270,Tops & Tees
2271,tops for women
2272,tops shirts for women
2273,topsampblouse
2274,topsamptee
2275,topsamptshirt
2276,topsandtop
2277,topsforfemale
2278,topsforwoman
2279,topsforwomenkleiderdamen
2280,totemprint
2281,Totes
2282,Toy
2283,track suit
2284,trackpant
2285,tracksuitpant
2286,tracksuitsforwomen
2287,tracksuitshort
2288,Training
2289,trainingcorset
2290,trainingquickdryshort
2291,transparentblouse
2292,transparentdres
2293,Travel
2294,Travel Accessories
2295,travelfan
2296,Tree
2297,trending
2298,trendshirtwomen
2299,triangle bikini
2300,triangle bikini swimwear
2301,Triangle Swimwear
2302,Triangles
2303,trousers
2304,Trousers & Shorts
2305,trousersampshort
2306,trousersformen
2307,trousersforwomen
2308,trouserswomen
2309,tshirtandshortsset
2310,tshirtandtop
2311,tshirtcasualtop
2312,tshirtcotton
2313,tshirtforwomen
2314,tshirts for women
2315,tshirtsfemme
2316,tshirtshort
2317,tshirtsuit
2318,Tub
2319,Tube top
2320,tubecroptop
2321,tubetopdre
2322,tunic
2323,Tunic dress
2324,tunic top
2325,tunicdresse
2326,tunics women
2327,tunicsforwomen
2328,tunictopforwomen
2329,tunicvesttopswomen
2330,turbanheadband
2331,turtleneck
2332,two piece bathing suit
2333,two piece dress
2334,Two piece set
2335,two piece swimsuit
2336,Two Piece Swimwear
2337,Two Pieces
2338,Two-Piece Suits
2339,twopieceoutfit
2340,twopiecesoutfit
2341,twopiecesset
2342,ultrathinbra
2343,underarm
2344,underarmshield
2345,undersafetypant
2346,Undershirts
2347,Underwear
2348,uneck
2349,unicorn
2350,Uniforms
2351,uniquedres
2352,uniquetop
2353,unisex
2354,unisex clothing
2355,USA flag
2356,usb
2357,usbcooler
2358,usbfan
2359,uv
2360,UV Gel
2361,uvlampgel
2362,V Collar
2363,v neck crop top
2364,V Neckdress
2365,V-neck
2366,V-neck Dresses
2367,Vacation
2368,vacationdre
2369,velvet
2370,velvetshort
2371,Vest
2372,vest dress
2373,vestcasual
2374,vestdresse
2375,vestforwoman
2376,vestforwomen
2377,vestido
2378,vestido de festa
2379,vestidoderenda
2380,vestidoscasualesdemujer
2381,vesttank
2382,vesttop
2383,Vintage
2384,Vintage dress
2385,Vintage Dresses
2386,Vintage swimwear
2387,vintagedresswomen
2388,vintagejean
2389,vintageshirt
2390,vintagestylewomendressfloralhighwaisteveningpartyslimlongswingdres
2391,vintagetop
2392,virsorcap
2393,Visors
2394,vneckcamisole
2395,vneckjumpsuit
2396,vneckshirt
2397,vocation
2398,vogue
2399,vorhang
2400,vtie
2401,Waist
2402,Waist Coat
2403,waist trainer
2404,waistcollection
2405,waistgirdle
2406,wasitcincher
2407,water
2408,waterball
2409,waterballoon
2410,waterfloatingpump
2411,wateringchildrenstoy
2412,Waterproof
2413,waterproof bag
2414,waterproofmat
2415,waterproofphonebag
2416,waterpump
2417,Watersports
2418,wavepoint
2419,wavepointdre
2420,wavepointdres
2421,waveprintdres
2422,wavering
2423,wear
2424,Wedding
2425,wedding dress
2426,wedge
2427,Wedge Sandals
2428,wedgessandal
2429,wedgesshoeswomen
2430,whiskeytshirt
2431,white
2432,white crop top
2433,white dress
2434,wideleg
2435,widelegjumpsuit
2436,widelegpant
2437,widetrouser
2438,windowscreennet
2439,Wings
2440,Winter
2441,Wolf
2442,wolfprint
2443,Woman clothes
2444,woman fashion
2445,woman shirt summer
2446,woman top
2447,woman vest
2448,womanbra
2449,womans fashion
2450,womanskirt
2451,womemstop
2452,Women
2453,women bags
2454,women bathing suit
2455,women beachwear
2456,Women Blouse
2457,Women Cap
2458,women casual dress
2459,women chiffon shirt
2460,women clothes
2461,Women Clothing
2462,women crop top
2463,women dress
2464,women dresses
2465,Women Fashion
2466,women fashion dress
2467,women fashion shorts
2468,women halter tops
2469,women hats
2470,Women jeans
2471,women Jumpsuit
2472,Women Leggings
2473,women lingerie
2474,women long dress
2475,women long pants
2476,Women Pants
2477,Women Party Dress
2478,Women Rompers
2479,Women S Clothing
2480,Women Sandals
2481,Women Set
2482,women sexy dress
2483,women shirt
2484,women shirt Blouse
2485,women shoes
2486,women shorts
2487,Women Skirts
2488,Women Sleeveless Top
2489,women sport suit
2490,women summer dress
2491,women summer tops
2492,women swimsuit
2493,women swimwear
2494,women t shirt
2495,women tank
2496,women tank top
2497,women top
2498,women track suit
2499,women trousers
2500,Women Vest
2501,women yoga pants
2502,Women's Bikini
2503,Women's Bikini Swimwear
2504,Women's Casual Tops
2505,women's dress
2506,Women's Fashion
2507,women's fashion T-shirt
2508,women's jogging suits
2509,Women's Jumpsuits
2510,women's pajamas
2511,women's pants
2512,women's plus size fashion
2513,women's sleeveless tank
2514,Women's Sweatsuit
2515,women's wear
2516,women39sfashion
2517,womenbeachblouse
2518,womenbeahcwear
2519,WomenBikini
2520,womenbikiniset
2521,womenbohemiandre
2522,womenbra
2523,womenbreathableshoe
2524,womencasualshort
2525,womencausaltshirt
2526,womencottondres
2527,womendre
2528,womendressshirt
2529,womenfashionclothing
2530,womenfashionsummerbikinisset
2531,womengirlsummersexyprintedflowerdres
2532,womenhotshirt
2533,womenminishort
2534,womenmonokini
2535,womennightwear
2536,womenonepiece
2537,womenonepiecebikini
2538,womenoutfit
2539,womenoverall
2540,womenpaddedbra
2541,womenpajamasset
2542,womenpalysuit
2543,womens  tank
2544,Womens Blouse
2545,womens bralette
2546,womens clothes
2547,womens dresses
2548,womens jeans
2549,womens sexy tops
2550,womens shirt
2551,Womens Shoes
2552,Womens shorts
2553,womens shorts suit
2554,Womens Swimsuit
2555,Womens swimwear
2556,Womens T Shirts
2557,womens tank tops
2558,womens top
2559,womens vest
2560,womens workout tank tops
2561,womensexy
2562,womensexybraset
2563,womensexytanktop
2564,womensfahison
2565,womensfahsion
2566,womenshirtset
2567,womenshoessummer
2568,womenshortpan
2569,womenshortpant
2570,womenshortsleevedre
2571,womenshortspant
2572,womensjumpsuitsromper
2573,womensleepwearset
2574,womensleevelessdres
2575,womensportoutfit
2576,womensportset
2577,womensporttracksuit
2578,womenssexyshort
2579,womenstraplessbra
2580,womensummerclothe
2581,womensummeroutfit
2582,womensummersexybacklessbikini
2583,womensummershort
2584,womensummerswimwear
2585,womensundres
2586,womenswimbottom
2587,womenswimsit
2588,womenswimwearbikini
2589,womentee
2590,womenunderwearsuit
2591,Wool
2592,Workout
2593,Workout tanktop
2594,workout top
2595,workoutampyoga
2596,workoutshortsformen
2597,woven
2598,wovenbag
2599,wrap dress
2600,wrapjumpsuit
2601,wrappedchest
2602,Yellow
2603,Yoga
2604,yoga leggings
2605,yoga pants
2606,yoga top
2607,yoga2pcsset
2608,yogaromper
2609,yogashort
2610,yogasuit
2611,yogasuitset
2612,yogateeshirt
2613,yogavest
2614,young
2615,zippers
2616,zippersleevelessvest
2617,zippertop
2618,шортымужские
2619,漁師の帽子
