index,count,tag
0,1321,Summer
1,1315,Women's Fashion
2,1082,Fashion
3,961,Women
4,905,Casual
5,636,Plus Size
6,580,sleeveless
7,549,Dress
8,540,Shorts
9,507,Tops
10,328,sexy
11,324,Beach
12,300,Sleeve
13,296,short sleeves
14,296,Print
15,281,Shirt
16,265,Tank
17,254,Necks
18,241,V-neck
19,235,printed
20,235,T Shirts
21,219,tank top
22,216,Cotton
23,212,summer dress
24,212,Ladies
25,204,Loose
26,201,blouse
27,197,pants
28,189,Vest
29,185,beach dress
30,174,women dress
31,174,Floral
32,173,Lace
33,170,Mini dress
34,164,Mini
35,162,slim
36,151,Sleeveless dress
37,142,Women Fashion
38,139,Round neck
39,136,casual dress
40,130,Waist
41,129,party
42,123,long dress
43,120,Party Dress
44,109,Sport
45,108,Floral print
46,107,Slim Fit
47,106,Spaghetti
48,104,backless
49,99,jumpsuit
50,95,Short pants
51,91,Bikini
52,88,Swimsuit
53,86,loose dress
54,86,high waist
55,86,boho
56,85,Swimwear
57,84,Swimming
58,79,Dresses
59,77,Halter
60,74,Skirts
61,73,Spaghetti Strap
62,70,summer dresses
63,70,sleeveless tops
64,68,trousers
65,66,solid color
66,61,summer t-shirts
67,61,Suits
68,60,Elastic
69,60,Deep V-Neck
70,58,summer tops
71,56,women top
72,54,Sexy Dress
73,54,Ladies Fashion
74,54,Casual pants
75,53,women Jumpsuit
76,53,letter print
77,51,maxi dress
78,51,crop top
79,51,Vintage
80,50,Men's Fashion
81,49,Yoga
82,49,Summer Fashion
83,49,Pleated
84,49,Lace Up
85,47,Fitness
86,45,topsamptshirt
87,45,Women Vest
88,45,Spring
89,44,summer shorts
90,44,Men
91,43,tunic
92,43,Tops & T-Shirts
93,41,off shoulder
94,41,Pure Color
95,41,Casual T-Shirt
96,40,Tops & Blouses
97,39,boho dress
98,39,Floral dress
99,38,plus size dress
100,38,cute
101,38,chiffon
102,38,Funny
103,36,black
104,36,Cotton T Shirt
105,35,Jeans
106,34,polka dot
107,34,Overalls
108,34,Flowers
109,34,Cotton Dress
110,33,beach wear
111,33,Polkas
112,33,Pocket
113,33,Lace Dress
114,33,Bras
115,32,women shorts
116,32,short dress
117,32,camisole
118,32,bathing suit
119,32,Leggings
120,31,elastic waist
121,30,short sleeve dress
122,30,Rompers
123,29,loose t-shirt
124,29,graphic tee
125,29,casual dresses
126,29,button
127,29,bikini set
128,29,Women S Clothing
129,29,Party Dresses
130,29,Outfits
131,29,Elegant
132,28,Bottom
133,27,women dresses
134,27,tops for women
135,27,Running
136,27,Long pants
137,27,Jumpsuits & Rompers
138,27,Clothes
139,26,women t shirt
140,26,t
141,26,halter dress
142,26,camouflage
143,26,Long Sleeve
144,26,Denim
145,26,Clothing
146,25,Striped
147,25,Sleeveless Shirt
148,25,Outdoor
149,25,Evening Dress
150,24,white
151,24,strapless
152,24,slim dress
153,24,Pullovers
154,23,short sleeve shirt
155,23,print dress
156,23,onepiece
157,22,fashion women
158,22,Wool
159,22,Women Blouse
160,22,Tie Dye
161,22,Midi Dress
162,22,Holiday
163,22,Casual Tops
164,21,womens dresses
165,21,sundress
166,21,summerpant
167,21,splits
168,21,padded
169,21,butterfly
170,21,Women Clothing
171,21,Robes
172,21,Dyes
173,21,Beach Shorts
174,20,fashion dress
175,20,Stripes
176,20,Denim Shorts
177,20,Cross
178,19,topsampblouse
179,19,neck dress
180,19,harem pants
181,19,dressesforwomen
182,19,casual shirt
183,19,Push up bikini
184,18,women tank top
185,18,strap
186,18,sexy lace
187,18,sexy bikini
188,18,ruffle
189,18,Women Rompers
190,18,Panties
191,18,Bikinis Set
192,17,zippers
193,17,women shirt
194,17,vestido
195,17,bohemia
196,16,yogashort
197,16,shortsforwomen
198,16,o-neck
199,16,men's shorts
200,16,Women Pants
201,16,Short Sleeve T-Shirt
202,16,Sandals
203,16,Printed T Shirts
204,16,Plus size top
205,15,womens top
206,15,summer tank top
207,15,summer shirt
208,15,retro
209,15,Slippers
210,15,Maxi Dresses
211,14,t-shirt dress
212,14,knee
213,14,bohemian
214,14,beachpant
215,14,backless dress
216,14,Two piece set
217,14,Two Pieces
218,14,Tunic dress
219,14,Sport Suits
220,14,Sexy Top
221,14,Green
222,14,Cotton Shirt
223,13,widelegpant
224,13,tunic top
225,13,summerjumpsuit
226,13,skull
227,13,rompers womens jumpsuit
228,13,robefemme
229,13,lace top
230,13,high waisted shorts
231,13,casualshort
232,13,bodycon
233,13,V Neckdress
234,13,Bodycon Dress
235,13,Athletics
236,12,women's dress
237,12,women trousers
238,12,women beachwear
239,12,sleeve v-neck
240,12,playsuit
241,12,jumpsuitsampromper
242,12,blousesampshirt
243,12,Swing dress
244,12,Strapless Dress
245,12,Shoes
246,12,Men Shorts
247,12,Corset
248,12,Cool T-Shirts
249,12,Collar
250,12,Causal
251,11,yoga top
252,11,women swimsuit
253,11,water
254,11,strappy
255,11,sleevelessjumpsuit
256,11,sleevelessblouse
257,11,skinny pants
258,11,long skirt
259,11,high waist shorts
260,11,feather
261,11,chiffon dress
262,11,chiffon blouse
263,11,bohemian dress
264,11,beach swimwear
265,11,Women Skirts
266,11,Underwear
267,11,Tops & Tees
268,11,T-Shirt womens
269,11,Sports Wear
270,11,Sling
271,11,Sleepwear
272,11,Short Sleeved
273,11,Patchwork
274,11,Inflatable
275,11,Fashion Accessory
276,11,Cocktail
277,10,womens tank tops
278,10,topsamptee
279,10,tank top women
280,10,slingdre
281,10,sleeve dress
282,10,silk
283,10,shortsleeveset
284,10,short skirt
285,10,sexy jumpsuit
286,10,runningshort
287,10,off shoulder top
288,10,men's suits
289,10,loosepant
290,10,lip
291,10,clubwear
292,10,belt
293,10,athleticshort
294,10,Yellow
295,10,Vintage dress
296,10,Tankinis
297,10,Printing
298,10,Hollow-out
299,10,Design
300,10,Classics
301,10,Blues
302,10,Army
303,9,women long pants
304,9,women bathing suit
305,9,wasitcincher
306,9,waistgirdle
307,9,waist trainer
308,9,suspenders
309,9,sportshort
310,9,slimmingcorset
311,9,slimming
312,9,shirt dress
313,9,punk
314,9,pleated dress
315,9,loosejumpsuit
316,9,linenjumpsuit
317,9,leaf
318,9,jogging
319,9,hippie
320,9,floralprinted
321,9,Women Set
322,9,Short Sleeve Blouses
323,9,One Piece Swimsuits
324,9,Men's pants
325,9,Love
326,9,Lines
327,9,Home & Living
328,9,Halter Bikini
329,9,Funny T Shirt
330,9,Elegant Dress
331,9,Chiffon Shirt
332,9,Cartoons
333,9,2pieceset
334,8,yoga pants
335,8,womens vest
336,8,women swimwear
337,8,women crop top
338,8,twopieceoutfit
339,8,teesamptshirt
340,8,tankvest
341,8,summervest
342,8,summersuitset
343,8,shaperwear
344,8,printeddre
345,8,off shoulder dress
346,8,minishirtdres
347,8,mididre
348,8,looseblouse
349,8,kids
350,8,gymshort
351,8,floral lace
352,8,denimjeansdres
353,8,bandage bikini
354,8,asymmetric
355,8,Women's Jumpsuits
356,8,V-neck Dresses
357,8,Toy
358,8,Tee
359,8,Tassels
360,8,Sunflowers
361,8,Round Collar
362,8,Loose tank tops
363,8,Hot pants
364,8,Breathable
365,7,womensfahsion
366,7,womens clothes
367,7,womemstop
368,7,white dress
369,7,vesttop
370,7,tiedyeprint
371,7,swimsuits for women
372,7,sweat suit
373,7,strappant
374,7,sportsset
375,7,splitbikiniset
376,7,spaghettistrapdresse
377,7,skinnyshort
378,7,sexy bathing suit
379,7,plussizejumpsuit
380,7,minidressforwomen
381,7,mini skirt
382,7,loose top
383,7,loose shirt
384,7,linen dress
385,7,kimono
386,7,jean shorts
387,7,high waist bikini
388,7,floralprinteddre
389,7,dress slim
390,7,drawstring
391,7,crochet
392,7,bubble
393,7,Womens shorts
394,7,Womens Blouse
395,7,Tee Shirt
396,7,Socks
397,7,Mens T Shirt
398,7,Jewelry
399,7,Gifts
400,7,Fun
401,7,Cover
402,7,Cotton Vest
403,7,Colorful
404,7,Coat
405,7,Blouses & Shirts
406,7,Bikini swimwear
407,7,Balloon
408,7,Bags
409,7,#top #crop
410,6,women's pants
411,6,women clothes
412,6,wavepoint
413,6,two piece swimsuit
414,6,summerdressesforwomen
415,6,solid
416,6,silksleepwear
417,6,sexyblouse
418,6,sexy shirts
419,6,sailboatshort
420,6,push up swimwear
421,6,printeddres
422,6,printed shirts
423,6,print t-shirt
424,6,open toe
425,6,mensjoggersuit
426,6,ladies dress
427,6,lace trim
428,6,high waisted
429,6,gymwear
430,6,floralprinteddres
431,6,fashion vest
432,6,fashion pants
433,6,european
434,6,drawstringshort
435,6,capripant
436,6,bubbleball
437,6,bras for women
438,6,bibpant
439,6,beachwear for women
440,6,Womens T Shirts
441,6,Womens Shoes
442,6,Vacation
443,6,Tanktops for women
444,6,Tankini Set
445,6,Swing
446,6,Sports & Outdoors
447,6,Shift Dress
448,6,Rose
449,6,Pajamas
450,6,Harajuku
451,6,Graphic Shirt
452,6,Fashion Accessories
453,6,Deep V-neck Dress
454,6,Cats
455,6,Cami Tank Tops
456,6,Bow
457,6,Bottoming shirt
458,6,Beauty
459,6,Beach Shorts Women
460,5,yoga leggings
461,5,wrappedchest
462,5,womens shirt
463,5,women's pajamas
464,5,women summer tops
465,5,women fashion shorts
466,5,vneckshirt
467,5,vest dress
468,5,twopiecesset
469,5,tunicsforwomen
470,5,trousersforwomen
471,5,tracksuitsforwomen
472,5,teeshirthomme
473,5,tanktopforwomen
474,5,sundressesforwomen
475,5,summerwear
476,5,spaghettistrapdre
477,5,slingvest
478,5,sleevelesstshirt
479,5,sleevele
480,5,silksleepwearnightgown
481,5,silksleepwearforwomen
482,5,shortjumpsuit
483,5,sexydressesforwoman
484,5,sexy tank top
485,5,sexy pajamas for womens
486,5,sexy dresses
487,5,scarf
488,5,runningset
489,5,runningpant
490,5,ruffled
491,5,printedvest
492,5,pool
493,5,plaid
494,5,partydressesforwomen
495,5,pajamassuit
496,5,pajamassleepwear
497,5,pajamasforwomen
498,5,pajamaset
499,5,monokini
500,5,momshirt
501,5,lace shirts
502,5,kleid
503,5,irregulardre
504,5,gowns
505,5,gothic
506,5,fitnessvest
507,5,featherprint
508,5,fashion top
509,5,dressforwomen
510,5,deep v neck top
511,5,croppedtrouser
512,5,cottontop
513,5,casualdressesforwomen
514,5,casualblouse
515,5,cardigan
516,5,butterflyprint
517,5,blouse women
518,5,bigswing
519,5,beachsuit
520,5,beach coverup
521,5,asymmetrical dress
522,5,Womens swimwear
523,5,Women jeans
524,5,Tube top
525,5,Sprays
526,5,Sports Pants
527,5,Skeleton
528,5,Red
529,5,Pleated Skirt
530,5,Lingerie
531,5,Leopard
532,5,Ladies Top
533,5,Home & Kitchen
534,5,Home
535,5,Hip Hop
536,5,High Waist Pants
537,5,Head
538,5,Flip Flops
539,5,Denim pants
540,5,Cover Ups
541,5,Cocktail dresses
542,5,Clothes for women
543,5,Children
544,5,Cami
545,5,Body Suit
546,4,womens jeans
547,4,women tank
548,4,woman fashion
549,4,wedge
550,4,wedding dress
551,4,wavepointdre
552,4,tee shirt women
553,4,tank tops women
554,4,swim suit cover up
555,4,surfshort
556,4,summer skirt
557,4,summer shoes
558,4,summer bikini
559,4,striped dress
560,4,street style
561,4,splitdre
562,4,spaghettishoulderstrapdre
563,4,slingtop
564,4,slingdres
565,4,slimpant
566,4,sleevelessdresse
567,4,skullprint
568,4,shortssuit
569,4,short leggings
570,4,sandals for women
571,4,rompersforwomen
572,4,push up bra
573,4,pure
574,4,punk style
575,4,prom dress
576,4,printjumpsuit
577,4,print shirt
578,4,princess dress
579,4,polka dot dress
580,4,pencil pants
581,4,offshoulderjumpsuit
582,4,mensjoggingsuit
583,4,low
584,4,looseshort
585,4,long sleeve blouse
586,4,long dresses
587,4,letterprinted
588,4,largecottonandlinenwomenstrouser
589,4,lace lingerie
590,4,korean style
591,4,knit
592,4,harem
593,4,halterneck
594,4,hair
595,4,gaes
596,4,funnytee
597,4,funnyshirt
598,4,flaresleeve
599,4,fitness leggings
600,4,fashion dresses
601,4,elasticwaistshort
602,4,cottontee
603,4,cottonlinendre
604,4,comfy
605,4,casualjumpsuit
606,4,candy
607,4,camping
608,4,cami top
609,4,brazilian
610,4,bra top
611,4,bodycon jumpsuits
612,4,bodybuildingshort
613,4,blousetop
614,4,beetshirt
615,4,beachtshirt
616,4,beachdresse
617,4,bathing suit cover ups
618,4,bandage top
619,4,backless top
620,4,Workout
621,4,Womens Swimsuit
622,4,Women's Casual Tops
623,4,Waterproof
624,4,Vintage Dresses
625,4,Two-Piece Suits
626,4,Triangles
627,4,Swimming suit
628,4,Sweatshirts
629,4,Simple
630,4,Sexy Swimwear
631,4,Puma
632,4,Printing t shirt
633,4,Princess
634,4,One-Piece Suits
635,4,Music
636,4,Men's Shirt
637,4,Men Tops
638,4,Masks
639,4,Large Size
640,4,Lace Bikini
641,4,Kawaii
642,4,Invisible
643,4,Indoor
644,4,Head Bands
645,4,Graphic T-Shirt
646,4,Goth
647,4,Food
648,4,Crystal
649,4,Cocktail Dress
650,4,Cargo pants
651,4,Buckles
652,4,Bikinis For Women
653,4,Ankle
654,4,American
655,4,3D T-shirt
656,4,34pant
657,3,woven
658,3,womenshortspant
659,3,womenshortsleevedre
660,3,womens sexy tops
661,3,women's jogging suits
662,3,women summer dress
663,3,women sexy dress
664,3,women casual dress
665,3,woman shirt summer
666,3,vogue
667,3,vintageshirt
668,3,vesttank
669,3,twopiecesoutfit
670,3,two piece bathing suit
671,3,tshirtforwomen
672,3,tshirtandtop
673,3,trending
674,3,topsandtop
675,3,tiktok
676,3,tacticalpant
677,3,sweetheart
678,3,summerset
679,3,summercroptop
680,3,summercardigan
681,3,strapless crop top
682,3,strapdre
683,3,sportsshort
684,3,sportsamprecreation
685,3,spaghettistrapdres
686,3,spaghettishoulderstrapdres
687,3,spaghetti strap top
688,3,sommerkleid
689,3,solidcolorshirt
690,3,soildcolor
691,3,slimtop
692,3,slim shirts
693,3,sleeveless crop top
694,3,sleeve lace
695,3,skeletonprinted
696,3,shortsleevetop
697,3,shirtsforwomen
698,3,shirt women
699,3,sexyshort
700,3,sexy swimsuit
701,3,sexy bra
702,3,quickdry
703,3,printedtop
704,3,pocketdres
705,3,plus size bathing suits
706,3,pink
707,3,pantsformen
708,3,package hip dress
709,3,overallsforwomen
710,3,outdoorsuit
711,3,openfront
712,3,onecktshirt
713,3,one-shoulder
714,3,off the shoulder top
715,3,night dress
716,3,mensummertshirt
717,3,mens Trousers
718,3,maxi skirt
719,3,low cut
720,3,lovely
721,3,loosedresse
722,3,longcardigan
723,3,long sleeve t shirt
724,3,long sleeve shirt
725,3,lipprint
726,3,leopard print
727,3,legs
728,3,lace bralette top
729,3,lace blouse
730,3,knitted
731,3,joggingpant
732,3,jogging suit
733,3,jeansforwomen
734,3,highwaistdres
735,3,halter top
736,3,gothicshirt
737,3,funnytop
738,3,flowerprint
739,3,flat shoe
740,3,femmerobe
741,3,femalevest
742,3,fashion bikini
743,3,evening party dress
744,3,decoration
745,3,damenkleid
746,3,cuteshirt
747,3,cropped top
748,3,cottonlinenshirt
749,3,cool
750,3,coldshoulder
751,3,casualvest
752,3,casual shoes
753,3,bodycon top
754,3,blusasfeminina
755,3,black dress
756,3,bermudashort
757,3,beachwearbikini
758,3,beachvest
759,3,art
760,3,animalprotectiontshirt
761,3,Wedge Sandals
762,3,Trousers & Shorts
763,3,Tank&Sleeveless
764,3,Swimsuit Cover
765,3,Swimdresses
766,3,Sport Tops
767,3,Splicing
768,3,Slim T-shirt
769,3,Slim  Fitting
770,3,Sexy Tshirt
771,3,Set
772,3,Sandals & Flip Flops
773,3,Print Dresses
774,3,Polos
775,3,Plus Size Fashions
776,3,Off shoulder shirt
777,3,Nylon
778,3,New arrival
779,3,Moon
780,3,Men T-shirt
781,3,Korean
782,3,Jacket
783,3,High Heel
784,3,Heart
785,3,Hats
786,3,Hair Band
787,3,Hair Accessories
788,3,Grey
789,3,Graffiti
790,3,Girls Dresses
791,3,Get
792,3,Game
793,3,Flats
794,3,Fashion tank top
795,3,Fashion Men
796,3,Dinosaur
797,3,Crewneck
798,3,Club Dress
799,3,Children's Toys
800,3,Causal Dress
801,3,Body Shapers
802,3,BikiniWomen
803,3,Bat
804,3,Bandages
805,3,Accessories
806,3,Above Knee dresses
807,3,A line dress
808,3,#fashion #tshirt
809,2,yogavest
810,2,yogasuit
811,2,wrap dress
812,2,womenswimwearbikini
813,2,womensleevelessdres
814,2,womens shorts suit
815,2,womens bralette
816,2,womens  tank
817,2,womenmonokini
818,2,womendressshirt
819,2,womencasualshort
820,2,women's wear
821,2,women's sleeveless tank
822,2,women's fashion T-shirt
823,2,women sport suit
824,2,women shirt Blouse
825,2,women long dress
826,2,wedgessandal
827,2,vocation
828,2,vneckcamisole
829,2,vestdresse
830,2,velvet
831,2,usb
832,2,unisex
833,2,undersafetypant
834,2,two piece dress
835,2,tunicdresse
836,2,tubetopdre
837,2,tshirtshort
838,2,triangle bikini swimwear
839,2,track suit
840,2,topsforwoman
841,2,toppant
842,2,topandblouse
843,2,tiktoktshirt
844,2,thinsock
845,2,the new
846,2,tes
847,2,tennisdres
848,2,tasseldre
849,2,tankini bathing suits
850,2,tacksuit
851,2,swimmingpoolspraypad
852,2,suspenderdres
853,2,suspended
854,2,suntop
855,2,sun hat
856,2,summerwomenbikini
857,2,summertee
858,2,summersleeveelessdres
859,2,summershortpant
860,2,summercocktaildres
861,2,summerampspring
862,2,suits for women
863,2,striped bikini
864,2,stretchshort
865,2,stretch
866,2,streetwear
867,2,strappytop
868,2,strangerthing
869,2,strand
870,2,springandsummer
871,2,sportvest
872,2,sportampoutdoor
873,2,sport suit women
874,2,sport pants
875,2,spaghettistraptshirt
876,2,soliddresse
877,2,solidcolorshort
878,2,soakoffgel
879,2,slitpant
880,2,slippers women
881,2,slippers for women
882,2,slingdresse
883,2,slimvest
884,2,slimfittop
885,2,slimfitdre
886,2,slim fit shirt
887,2,sleevelessvest
888,2,sleevelessskirt
889,2,sleeve chiffon
890,2,silver
891,2,shouldertop
892,2,shoulder dress
893,2,shortsleevesdres
894,2,shortsleevesdre
895,2,shortshirt
896,2,shortsformen
897,2,shortromper
898,2,shortpantsforwomen
899,2,short-sleeved shirt
900,2,short-s jeans
901,2,short skirt skorts
902,2,shirts for men
903,2,sexyvest
904,2,sexy underwear
905,2,sexy skirt
906,2,sexy shirts for women
907,2,sexy one piece bathing suit
908,2,sexy monokini
909,2,sexy lingerie
910,2,sexy Women's Fashion
911,2,sandybeach
912,2,sandalswomen
913,2,sandalendamen
914,2,sandalefemme
915,2,safetypant
916,2,running skirt
917,2,ruffle top
918,2,ruffle crop top
919,2,roupas femininas
920,2,roundneckdres
921,2,rippedshort
922,2,rippedjean
923,2,rainbow
924,2,quickdryingshort
925,2,punktshirt
926,2,prom dresses
927,2,printvest
928,2,printtank
929,2,printedletterstop
930,2,princessprom
931,2,poloshirtsformen
932,2,pocketskirt
933,2,pocketsdres
934,2,plusszie
935,2,plussizeshort
936,2,plussizeclothe
937,2,plus
938,2,platformsandal
939,2,plaincolordres
940,2,permanent
941,2,pencil skirt
942,2,pencil
943,2,pantsforwomen
944,2,pantalonfemme
945,2,pant womens summer
946,2,padded bikini
947,2,one shoulder dress
948,2,one piece bathing suit
949,2,offtheshoulder
950,2,offsholuder
951,2,national
952,2,moonshirt
953,2,moonphase
954,2,minidresselvendre
955,2,midriff
956,2,menssummersuit
957,2,mensfitnessshirt
958,2,men jeans
959,2,low cut top
960,2,loveprinttshirt
961,2,lotusprinted
962,2,loosevest
963,2,loosecasualsweatpant
964,2,longshirtsforwomen
965,2,longloosedres
966,2,long_maxi_dress
967,2,lipsshirt
968,2,linentop
969,2,leggingsamptight
970,2,ladies skort
971,2,lacesummer
972,2,laceshort
973,2,lacehollow
974,2,lace vest
975,2,lace skirts
976,2,lace dresses
977,2,korea
978,2,knot
979,2,knittop
980,2,knitted crop top
981,2,kimonosforwomen
982,2,kimonocardigan
983,2,kanyewest
984,2,kaftandresse
985,2,kaftandre
986,2,jumsuitsforwomen
987,2,jumpsuitsforwomen
988,2,jumpsuitforwomen
989,2,jogging suits for women
990,2,jackdanielsprinttop
991,2,isolation
992,2,hotcasual
993,2,hooded
994,2,homeampliving
995,2,holidaydres
996,2,hightwaistdres
997,2,henley
998,2,heightenedshoe
999,2,heandband
1000,2,headbandsturban
1001,2,head scarf
1002,2,haltershirt
1003,2,graphic tees women
1004,2,gradientcolor
1005,2,girl bra
1006,2,gel nail polish
1007,2,gatherbracketbikini
1008,2,fluffy
1009,2,floralprintdres
1010,2,floral shirt
1011,2,flamingo
1012,2,fitness top
1013,2,fit
1014,2,fish
1015,2,fashionwomencroptop
1016,2,fashionshortsleeve
1017,2,fashionbrandsuit
1018,2,fashion brand
1019,2,falda
1020,2,espadrille
1021,2,ellesse
1022,2,elasticshort
1023,2,elasticlegging
1024,2,easy
1025,2,drawstringpant
1026,2,donnahoney
1027,2,depilatory
1028,2,deepneck
1029,2,dandelionfloralprinted
1030,2,daisy
1031,2,crossstrap
1032,2,croptopsforwomen
1033,2,croptopandshortsset
1034,2,crops
1035,2,cowlbacktshirt
1036,2,cottonmask
1037,2,cottonblendjumpsuit
1038,2,cotton crop top
1039,2,corset top
1040,2,contrastcolor
1041,2,colorblock
1042,2,chiffontshirt
1043,2,chiffonpant
1044,2,cheststrapvest
1045,2,charmingdres
1046,2,casualwomendres
1047,2,casualmensshirt
1048,2,casual wear
1049,2,capri leggings
1050,2,camouflagewomensdre
1051,2,camouflagevest
1052,2,camouflageprint
1053,2,camouflagedre
1054,2,buttontop
1055,2,bralette top
1056,2,boxer shorts
1057,2,bowknot
1058,2,bohostyle
1059,2,bohoheadband
1060,2,bodysuitsjumpsuit
1061,2,blousedre
1062,2,bikiniswimwearcoverup
1063,2,bikinis women
1064,2,beachwearladie
1065,2,beachcoat
1066,2,beachbag
1067,2,beach5pant
1068,2,beach shoes
1069,2,beach bikini
1070,2,basictee
1071,2,basicdressboho
1072,2,bandeau top
1073,2,bandagebra
1074,2,bandage swimsuit
1075,2,ballonnen
1076,2,ball gown
1077,2,baggyshort
1078,2,baggypant
1079,2,baggydres
1080,2,baggy
1081,2,backlessshirt
1082,2,backlessbeachwear
1083,2,backless tank tops
1084,2,athleticpant
1085,2,armpit
1086,2,antislip
1087,2,anklesock
1088,2,animal print
1089,2,Workout tanktop
1090,2,Women Sandals
1091,2,Women Party Dress
1092,2,Winter
1093,2,Wings
1094,2,UV Gel
1095,2,Tub
1096,2,Tennis
1097,2,Tees & T-Shirts
1098,2,SwimwearWomen
1099,2,Sweets
1100,2,Sweaters
1101,2,Sunscreen
1102,2,Street
1103,2,Strapless Top
1104,2,Stitching
1105,2,Spring/Autumn
1106,2,Sportwear women
1107,2,Sports Bra
1108,2,Spike
1109,2,Soft and comfortable
1110,2,Soft
1111,2,Short top
1112,2,Sheath Dress
1113,2,Seats
1114,2,Seamless
1115,2,SEXY CROP TOP
1116,2,Rubber
1117,2,Ring
1118,2,Rhinestone
1119,2,Rechargeable
1120,2,Prom
1121,2,Printed Tee
1122,2,Polyester
1123,2,Polo Shirts
1124,2,Plus Size Swimwear
1125,2,Platform Shoes
1126,2,Picnic
1127,2,Pets
1128,2,Pants & Capris
1129,2,Padded Bra
1130,2,Office
1131,2,Navy
1132,2,Nails
1133,2,Nail Polish
1134,2,Nail Gel
1135,2,Mother
1136,2,Mori Girl
1137,2,Monokini Swimsuits
1138,2,Midi Dresses
1139,2,Medium
1140,2,Maxis
1141,2,Lotus
1142,2,Long sleeve top
1143,2,Lolita
1144,2,Leisure
1145,2,Knickers
1146,2,Jerseys
1147,2,Irregular
1148,2,Hunting
1149,2,Home Decor
1150,2,Hollow
1151,2,High Waisted Bikini
1152,2,Health
1153,2,Handmade
1154,2,Handbags
1155,2,Gym
1156,2,Grunge
1157,2,Golf
1158,2,Girls Clothes
1159,2,Geometric
1160,2,Garden
1161,2,Fox
1162,2,Formal Dress
1163,2,Fitted
1164,2,Fashion Suits
1165,2,Fashion Skirts
1166,2,Face Mask
1167,2,Exercise & Fitness
1168,2,European Style
1169,2,Electric
1170,2,Draped
1171,2,Dogs
1172,2,Dark
1173,2,DIAMOND
1174,2,Cushions
1175,2,Cup
1176,2,Crossbody Bag
1177,2,Couple
1178,2,Cotton Socks
1179,2,Chiffon top
1180,2,Chair
1181,2,Chain
1182,2,Cap
1183,2,Canvas
1184,2,Bracelet
1185,2,Boxer
1186,2,Bodycon Dresses
1187,2,Boat
1188,2,Beach slippers
1189,2,Baseball Cap
1190,2,Baseball
1191,2,Bandage Dresses
1192,2,Baby
1193,2,Animal
1194,2,Active
1195,2,A-line
1196,2,3dprinttshirt
1197,2,3dprint
1198,2,34sleevedres
1199,2,2018fashion
1200,2,#Sport Bra
1201,1,шортымужские
1202,1,漁師の帽子
1203,1,zippertop
1204,1,zippersleevelessvest
1205,1,young
1206,1,yogateeshirt
1207,1,yogasuitset
1208,1,yogaromper
1209,1,yoga2pcsset
1210,1,wrapjumpsuit
1211,1,wovenbag
1212,1,workoutshortsformen
1213,1,workoutampyoga
1214,1,workout top
1215,1,womenunderwearsuit
1216,1,womentee
1217,1,womenswimsit
1218,1,womenswimbottom
1219,1,womensundres
1220,1,womensummerswimwear
1221,1,womensummershort
1222,1,womensummersexybacklessbikini
1223,1,womensummeroutfit
1224,1,womensummerclothe
1225,1,womenstraplessbra
1226,1,womenssexyshort
1227,1,womensporttracksuit
1228,1,womensportset
1229,1,womensportoutfit
1230,1,womensleepwearset
1231,1,womensjumpsuitsromper
1232,1,womenshortpant
1233,1,womenshortpan
1234,1,womenshoessummer
1235,1,womenshirtset
1236,1,womensfahison
1237,1,womensexytanktop
1238,1,womensexybraset
1239,1,womensexy
1240,1,womens workout tank tops
1241,1,womenpalysuit
1242,1,womenpajamasset
1243,1,womenpaddedbra
1244,1,womenoverall
1245,1,womenoutfit
1246,1,womenonepiecebikini
1247,1,womenonepiece
1248,1,womennightwear
1249,1,womenminishort
1250,1,womenhotshirt
1251,1,womengirlsummersexyprintedflowerdres
1252,1,womenfashionsummerbikinisset
1253,1,womenfashionclothing
1254,1,womendre
1255,1,womencottondres
1256,1,womencausaltshirt
1257,1,womenbreathableshoe
1258,1,womenbra
1259,1,womenbohemiandre
1260,1,womenbikiniset
1261,1,womenbeahcwear
1262,1,womenbeachblouse
1263,1,women39sfashion
1264,1,women's plus size fashion
1265,1,women yoga pants
1266,1,women track suit
1267,1,women shoes
1268,1,women lingerie
1269,1,women hats
1270,1,women halter tops
1271,1,women fashion dress
1272,1,women chiffon shirt
1273,1,women bags
1274,1,womanskirt
1275,1,womans fashion
1276,1,womanbra
1277,1,woman vest
1278,1,woman top
1279,1,wolfprint
1280,1,windowscreennet
1281,1,widetrouser
1282,1,widelegjumpsuit
1283,1,wideleg
1284,1,white crop top
1285,1,whiskeytshirt
1286,1,wedgesshoeswomen
1287,1,wear
1288,1,wavering
1289,1,waveprintdres
1290,1,wavepointdres
1291,1,waterpump
1292,1,waterproofphonebag
1293,1,waterproofmat
1294,1,waterproof bag
1295,1,wateringchildrenstoy
1296,1,waterfloatingpump
1297,1,waterballoon
1298,1,waterball
1299,1,waistcollection
1300,1,vtie
1301,1,vorhang
1302,1,vneckjumpsuit
1303,1,virsorcap
1304,1,vintagetop
1305,1,vintagestylewomendressfloralhighwaisteveningpartyslimlongswingdres
1306,1,vintagejean
1307,1,vintagedresswomen
1308,1,vestidoscasualesdemujer
1309,1,vestidoderenda
1310,1,vestido de festa
1311,1,vestforwomen
1312,1,vestforwoman
1313,1,vestcasual
1314,1,velvetshort
1315,1,vacationdre
1316,1,v neck crop top
1317,1,uvlampgel
1318,1,uv
1319,1,usbfan
1320,1,usbcooler
1321,1,unisex clothing
1322,1,uniquetop
1323,1,uniquedres
1324,1,unicorn
1325,1,uneck
1326,1,underarmshield
1327,1,underarm
1328,1,ultrathinbra
1329,1,turtleneck
1330,1,turbanheadband
1331,1,tunicvesttopswomen
1332,1,tunictopforwomen
1333,1,tunics women
1334,1,tubecroptop
1335,1,tshirtsuit
1336,1,tshirtsfemme
1337,1,tshirts for women
1338,1,tshirtcotton
1339,1,tshirtcasualtop
1340,1,tshirtandshortsset
1341,1,trouserswomen
1342,1,trousersformen
1343,1,trousersampshort
1344,1,triangle bikini
1345,1,trendshirtwomen
1346,1,travelfan
1347,1,transparentdres
1348,1,transparentblouse
1349,1,trainingquickdryshort
1350,1,trainingcorset
1351,1,tracksuitshort
1352,1,tracksuitpant
1353,1,trackpant
1354,1,totemprint
1355,1,topsforwomenkleiderdamen
1356,1,topsforfemale
1357,1,tops shirts for women
1358,1,topbra
1359,1,topbasegel
1360,1,toolsgadget
1361,1,tinyring
1362,1,tigershirt
1363,1,tigerking
1364,1,tiedyetshirt
1365,1,tiedyetank
1366,1,tiedyeshirt
1367,1,tiedyeprinted
1368,1,theweststyle
1369,1,thevampirediarie
1370,1,tennisskirt
1371,1,teevest
1372,1,teetop
1373,1,teen
1374,1,tearresistant
1375,1,tattoo
1376,1,tasselslingerie
1377,1,tasselbikini
1378,1,taschendamen
1379,1,tanktopshirt
1380,1,tanktopdres
1381,1,tanktopcroptop
1382,1,tanksforwomen
1383,1,tankdres
1384,1,tankdre
1385,1,tankcroptop
1386,1,takeashower
1387,1,taeeltshirt
1388,1,t shirt printing
1389,1,swimwearwomen2017
1390,1,swimwear for men
1391,1,swimwea
1392,1,swimsuitscoverup
1393,1,swimsuits for girls
1394,1,swimsuit model
1395,1,swimring
1396,1,swimmingshort
1397,1,swimmingpoolseat
1398,1,swimmingmask
1399,1,swimminglap
1400,1,swimmingfacemask
1401,1,swimmingchair
1402,1,swimmingbottom
1403,1,swimming suit for women
1404,1,swimming pool supplies
1405,1,swim trunk
1406,1,swim dress
1407,1,sweetheartdres
1408,1,sweatvest
1409,1,sweatpad
1410,1,sweatguardpad
1411,1,sweatersformen
1412,1,sweatabsorbent
1413,1,sweat pants
1414,1,suzuki
1415,1,surferring
1416,1,sunshine
1417,1,sunshadecover
1418,1,sunmmertshirt
1419,1,sunhatfordog
1420,1,sunflowerprint
1421,1,sunflowerbathingsuit
1422,1,sun protection swimwear
1423,1,sumnerblouseforwomen
1424,1,summerwomentop
1425,1,summerwomenladysleevelesschiffonflouncinglongsundressdressmaxidressloosedlongdres
1426,1,summertrouser
1427,1,summertool
1428,1,summertank
1429,1,summerswimwear
1430,1,summerswimsuit
1431,1,summerswimming
1432,1,summersunsuit
1433,1,summersuit
1434,1,summersportsvest
1435,1,summersportssuit
1436,1,summersock
1437,1,summershortswomen
1438,1,summershortsleevetshirt
1439,1,summershortsforwomen
1440,1,summershortsformen
1441,1,summershirtsformen
1442,1,summeroutfit
1443,1,summeronepiece
1444,1,summermensclothing
1445,1,summerlongskirt
1446,1,summerjean
1447,1,summerfashiontshirt
1448,1,summerfashiontop
1449,1,summerfamilyentertainmenttoy
1450,1,summerdresseswomen
1451,1,summercasualfashionsexywomenprintbikinissetpushupbraswimsuitmidwaist
1452,1,summercasualdres
1453,1,summercap
1454,1,summerblouse
1455,1,summerbikiniset
1456,1,summerbeachbikini
1457,1,summerbeach
1458,1,summerbathingsuit
1459,1,summerathleisure
1460,1,summer clothes for women
1461,1,studentsstyle
1462,1,stripetee
1463,1,stripedres
1464,1,stretchytop
1465,1,strawbag
1466,1,strappydres
1467,1,strappydre
1468,1,strappy bikini
1469,1,strappingshort
1470,1,straplesstanktop
1471,1,straplessblouse
1472,1,strapless bikini
1473,1,strapdres
1474,1,straighttrouser
1475,1,statementring
1476,1,squarescarf
1477,1,springskirt
1478,1,springdre
1479,1,sprayer
1480,1,sportytankini
1481,1,sporty
1482,1,sportwear
1483,1,sporttshirt
1484,1,sportstop
1485,1,sportspantie
1486,1,sportset
1487,1,sportsampoutdoor
1488,1,sportfan
1489,1,sportcroptop
1490,1,sportampentertainment
1491,1,sport2set
1492,1,sport tank top
1493,1,sport legging
1494,1,sport bra top
1495,1,splitswimsuit
1496,1,splitdresse
1497,1,splitbohodre
1498,1,splicedre
1499,1,splice
1500,1,spaghettistrapsdres
1501,1,spaghettistrapjumpsuit
1502,1,spaghetti strap tank top
1503,1,southafrican
1504,1,solidtop
1505,1,solidtank
1506,1,soliddre
1507,1,solidcolortop
1508,1,solidcolorshortpant
1509,1,solidcolordresse
1510,1,solidcolordres
1511,1,solidcolordre
1512,1,solidblouse
1513,1,solidbiker
1514,1,solarfountain
1515,1,softcomfortable
1516,1,socksamptight
1517,1,socksamphosiery
1518,1,smallvest
1519,1,slitdres
1520,1,slingshirt
1521,1,slimwaistshaperbelt
1522,1,slimvestmen
1523,1,slimtank
1524,1,slimmingwaistbelt
1525,1,slimmingshapewear
1526,1,slimmingcream
1527,1,slimfitpant
1528,1,slim long
1529,1,slideslipper
1530,1,slidesforwomen
1531,1,sleveles
1532,1,sleeves
1533,1,sleevelessvestmen
1534,1,sleevelesstopsforwomen
1535,1,sleevelesstanktop
1536,1,sleevelessshort
1537,1,sleevehead
1538,1,sleepweardre
1539,1,slashneckjumpsuit
1540,1,slashneck
1541,1,slack
1542,1,skulltanktopforwomen
1543,1,skullshirtwomen
1544,1,skullshirt
1545,1,skullprinted
1546,1,skort
1547,1,sknnyshort
1548,1,skirtsuit
1549,1,skinnylegging
1550,1,skinny jeans
1551,1,skinny
1552,1,skinngjean
1553,1,skewshoulder
1554,1,skewneck
1555,1,skeletonvest
1556,1,skeletonprint
1557,1,skateboardsticker
1558,1,sizesxxxl
1559,1,singleshoulder
1560,1,simplebib
1561,1,simfit
1562,1,silmfit
1563,1,silksock
1564,1,silk dress
1565,1,siliconedivingmask
1566,1,sidesplitshirt
1567,1,siamesetrouser
1568,1,showerroom
1569,1,shoulderdrape
1570,1,shorttshirt
1571,1,shortsock
1572,1,shortsleevestee
1573,1,shortsleevee
1574,1,shortskirtsdresse
1575,1,shortsetsforwomen
1576,1,shortsection
1577,1,shortsdresse
1578,1,shorts feminino
1579,1,shortjean
1580,1,short sleeved tshirt
1581,1,shirtdressforwomen
1582,1,shirtandshort
1583,1,sheertop
1584,1,sheerlacebra
1585,1,sheer mesh top
1586,1,shaping
1587,1,sexywomendre
1588,1,sexytshrit
1589,1,sexythongswimwear
1590,1,sexyswimwearset
1591,1,sexysummerdres
1592,1,sexyshortdresse
1593,1,sexyplussizetankini
1594,1,sexypleated
1595,1,sexyoutfit
1596,1,sexydressforwomen
1597,1,sexyblousetop
1598,1,sexyblouseforwomen
1599,1,sexybacklessdres
1600,1,sexyandbeautifulstyle
1601,1,sexy tops for women
1602,1,sexy tankini
1603,1,sexy tank
1604,1,sexy sleepwear dress
1605,1,sexy leggings
1606,1,sexy lace tank top
1607,1,sexy camisole
1608,1,sexy brazilian bikinis
1609,1,sextop
1610,1,setsforwomen
1611,1,sequinsnailgel
1612,1,sequin top
1613,1,seenyousoon
1614,1,scrunch
1615,1,schoolskirt
1616,1,schoolgirl
1617,1,scallopedtrimtop
1618,1,saty
1619,1,sanskrit
1620,1,sandaliasmujer
1621,1,sandaliasfeminina
1622,1,saiaplissada
1623,1,saialonga
1624,1,runningshortsformen
1625,1,runningjumpsuit
1626,1,runningfitne
1627,1,rugratsset
1628,1,rugratsprint
1629,1,rugrat
1630,1,ruffletanktop
1631,1,ruffledtop
1632,1,ruchedtanktop
1633,1,ruchedtank
1634,1,ruched bikini bottom
1635,1,roundneckflared
1636,1,roseprint
1637,1,ropademujer
1638,1,ropa
1639,1,romperswomenjumpsuit
1640,1,romperswomen
1641,1,rompersshort
1642,1,rompersoverall
1643,1,rompersjumpsuit
1644,1,romperoutfit
1645,1,rodeotank
1646,1,rockandroll
1647,1,robesforwomen
1648,1,rippeddre
1649,1,ridingpant
1650,1,ribbed crop top
1651,1,ribbed
1652,1,retrotshirt
1653,1,retro style
1654,1,pyjamaswomen
1655,1,pyjama
1656,1,pushupswimtop
1657,1,pushupswimsuittop
1658,1,pushupsuit
1659,1,pushuppaddedbra
1660,1,pushupbikiniset
1661,1,pursesampwallet
1662,1,purses
1663,1,puppyhat
1664,1,puppy
1665,1,punkshirt
1666,1,punkdres
1667,1,punkdre
1668,1,pullovershirt
1669,1,pulloverdres
1670,1,printtop
1671,1,printtanktop
1672,1,printmask
1673,1,printjumpersuit
1674,1,printingpajama
1675,1,printingdres
1676,1,printedwomensdre
1677,1,printedswimwear
1678,1,printedpajamasset
1679,1,printedjumpsuit
1680,1,printedbikini
1681,1,printbikini
1682,1,pregnantshirt
1683,1,pregnant
1684,1,pregnancyshirt
1685,1,pregnancydres
1686,1,powerpuffgirl
1687,1,portablefan
1688,1,poolfloatingpanel
1689,1,poolaccessorie
1690,1,ponytailhat
1691,1,poloshirtmen
1692,1,poloshirtherren
1693,1,polohomme
1694,1,polo men
1695,1,polo hat
1696,1,polkadottedbikini
1697,1,plussizevest
1698,1,plussizetshirt
1699,1,plussizetanktop
1700,1,plussizeskirt
1701,1,plussizeshortsforwomen
1702,1,plussizeshirt
1703,1,plussizepant
1704,1,plussizemaxidresse
1705,1,plus size monokini
1706,1,plus size jeans
1707,1,plus size hippie dresses
1708,1,plus size dresses
1709,1,plus size bikinis
1710,1,plus size bathing suits for women
1711,1,pleatedtop
1712,1,pleatedhem
1713,1,pleateddresse
1714,1,playtoy
1715,1,playsuitoutfitsclothing
1716,1,playsuitforwomen
1717,1,plaincolor
1718,1,plaidchecked
1719,1,plaid shirt
1720,1,pineappleshirtwomen
1721,1,pineappleflowerpattern
1722,1,pin up
1723,1,picnicmat
1724,1,phonebag
1725,1,perspirationpad
1726,1,personalizedvest
1727,1,pentacleprint
1728,1,pawprinttshirt
1729,1,patydresse
1730,1,patternedtop
1731,1,patiodecoration
1732,1,patchworkdres
1733,1,pastoralstyle
1734,1,partyshirt
1735,1,partyeveningcocktailskaterminidres
1736,1,pantssuit
1737,1,pantsshort
1738,1,pantsplussize
1739,1,pants women
1740,1,palysuit
1741,1,palazzopant
1742,1,painlessdepilation
1743,1,paddle
1744,1,paddedfringetasselbikinibeachswimwear
1745,1,padded swimsuit
1746,1,packagehip
1747,1,oversizedpant
1748,1,outweartop
1749,1,outside
1750,1,outdoorwatergamepad
1751,1,outdoorslipper
1752,1,outdoorpool
1753,1,outdoormat
1754,1,outdoorampcampingaccessorie
1755,1,openworkpanel
1756,1,openfork
1757,1,one shoulder-bikini
1758,1,oldschool
1759,1,offshoulderbodycondres
1760,1,off the shoulder dress
1761,1,ocean
1762,1,obesity
1763,1,nylonmat
1764,1,nude
1765,1,noshowamplinersock
1766,1,nootnoot
1767,1,nonslipslipper
1768,1,non-slip
1769,1,ninthpant
1770,1,nightwear
1771,1,newskirt
1772,1,newsexyfulllongeveningdressbodyconsundressclubwearmaxibohodressessxl
1773,1,new2020
1774,1,neckhangingfan
1775,1,neckfansportable
1776,1,neckfancooler
1777,1,neckfan
1778,1,neckcroptop
1779,1,navel
1780,1,nailuvgel
1781,1,nail kit
1782,1,nail gel set
1783,1,nail art
1784,1,muscleshirt
1785,1,multilayerdropnecklace
1786,1,multilayerchainnecklace
1787,1,multicolorprinting
1788,1,mouth
1789,1,motherdaughtermatchingclothe
1790,1,motherdaughterdresse
1791,1,mosquitoswatter
1792,1,mosquitokiller
1793,1,momandkid
1794,1,minishort
1795,1,minifan
1796,1,minibag
1797,1,mini dresses
1798,1,mini dress sexy club wear
1799,1,militarycamo
1800,1,midwaist
1801,1,midsleevebeachblouse
1802,1,midshort
1803,1,midpant
1804,1,midilength
1805,1,middlewaist
1806,1,midcalfdres
1807,1,midcalfdre
1808,1,midcalf
1809,1,meshshirt
1810,1,mermaid
1811,1,mentracksuit
1812,1,mentionhippant
1813,1,menswimshort
1814,1,mensummerrunningshort
1815,1,mensummerjean
1816,1,mensswimtrunk
1817,1,menssportspant
1818,1,menssolidcolorshort
1819,1,mensshortpant
1820,1,menspoloshirtbrand
1821,1,menspocketsshort
1822,1,menspersonalityfitnessvest
1823,1,mensfitnesstshirt
1824,1,mensdrawstringshort
1825,1,menscasulshort
1826,1,mensboardshort
1827,1,menpoloshirt
1828,1,menfashionshort
1829,1,menbeachshort
1830,1,men's dress shirt
1831,1,men's casual  shirt
1832,1,men shirt
1833,1,mediasmujer
1834,1,maxide
1835,1,maxi summer dresses
1836,1,mattress
1837,1,mattetopcoat
1838,1,mattegel
1839,1,maternityshirt
1840,1,maternitydres
1841,1,matching
1842,1,mandala
1843,1,mamatshirt
1844,1,malebrief
1845,1,maixdre
1846,1,maillot
1847,1,magneticscreendoor
1848,1,magicbubbleball
1849,1,magicbubble
1850,1,luggagesticker
1851,1,lowwaistunderwear
1852,1,lovelydres
1853,1,loungewearset
1854,1,lounge
1855,1,loseweight
1856,1,loosetee
1857,1,looseshortdres
1858,1,loosejean
1859,1,longtrouser
1860,1,longtop
1861,1,longshirtdres
1862,1,longmaxiskirt
1863,1,longfleece
1864,1,longblouse
1865,1,long sleeve shirt women
1866,1,long sleeve dress
1867,1,long shirt
1868,1,long
1869,1,lipsprint
1870,1,lipshirt
1871,1,lettersprinted
1872,1,letterprinttshirt
1873,1,letterprintedshirt
1874,1,leopardprinted
1875,1,leggingspant
1876,1,leggings that look like jeans
1877,1,leggingforwomen
1878,1,legging fitness
1879,1,leafprinting
1880,1,leafprint
1881,1,lazyfan
1882,1,layeredpalazzopant
1883,1,lattice
1884,1,lanternsleeve
1885,1,ladyswimwear
1886,1,ladyswimsuit
1887,1,ladiessleevelesstop
1888,1,ladiesmessengerbag
1889,1,ladiesdresse
1890,1,laceuplingerie
1891,1,lacetrouser
1892,1,laceseamle
1893,1,lacepaneltanktop
1894,1,lacelingerieset
1895,1,lacedresswhite
1896,1,lacebrallette
1897,1,lacebralette
1898,1,lacebra
1899,1,lace tank top
1900,1,lace t shirt
1901,1,lace crop top
1902,1,kurzehosen
1903,1,knitskirt
1904,1,knee length dress
1905,1,knee length
1906,1,kleiderdamen
1907,1,kleider
1908,1,kindne
1909,1,kerchief
1910,1,kawaiicute
1911,1,kaftandres
1912,1,kaftan
1913,1,jumpsuitsjean
1914,1,jumpsuitshort
1915,1,jumpsuitromper
1916,1,juicewrldshirt
1917,1,juicewrld
1918,1,joeexotic
1919,1,jeggingsjeansforwomen
1920,1,jeggingsforwomen
1921,1,jeggingsforwoman
1922,1,jegging
1923,1,jeansshort
1924,1,ittakestwo
1925,1,irregularhemdre
1926,1,irregularhem
1927,1,irregulardres
1928,1,irregualshirt
1929,1,irregualr
1930,1,invisiblesock
1931,1,interactive
1932,1,interaction
1933,1,insulatedcooler
1934,1,insectzapper
1935,1,insectnet
1936,1,inflation
1937,1,inflatablesofa
1938,1,inflatablepool
1939,1,inflatablelounger
1940,1,inflatablefloatchair
1941,1,inflatablebed
1942,1,icesilk
1943,1,humanskeletonprint
1944,1,hotshaper
1945,1,hotrhinestone
1946,1,hollowouttanktop
1947,1,hollowoutlingerie
1948,1,hollowoutbikini
1949,1,hollowingout
1950,1,holejean
1951,1,hipplesoul
1952,1,hippietshirt
1953,1,hiplifting
1954,1,highwaisttop
1955,1,highwaispant
1956,1,hightwaistpant
1957,1,highsplitdre
1958,1,highcollartop
1959,1,high waisted pants
1960,1,high waisted bathing suits
1961,1,high waist swimsuit
1962,1,high waist skirt
1963,1,herrenpolotshirt
1964,1,hellyhansen
1965,1,heartprint
1966,1,headdress
1967,1,harlonpant
1968,1,hangingneckfan
1969,1,handwoven
1970,1,handkerchief
1971,1,hammock
1972,1,haltertshirt
1973,1,haltertank
1974,1,halterlingerieset
1975,1,halterlacebralette
1976,1,halterblousesforwomen
1977,1,halter tankini
1978,1,halfsleevedres
1979,1,halfsleevedre
1980,1,halfsleeve
1981,1,hairrope
1982,1,hairremoval
1983,1,hairgrowthinhibitor
1984,1,gypsypant
1985,1,gypsy
1986,1,gymstighttshirt
1987,1,gymshortssportpant
1988,1,green dress
1989,1,graphicprint
1990,1,graffitisticker
1991,1,gradualchange
1992,1,gradient
1993,1,gothstyle
1994,1,gothic clothing
1995,1,golden
1996,1,gold
1997,1,goingout
1998,1,girltanktop
1999,1,girlsupplie
2000,1,girlsshirt
2001,1,girlsbowknotbikini
2002,1,gifts for dad
2003,1,giftformen
2004,1,geometricpattern
2005,1,gauzenet
2006,1,gasballoon
2007,1,gardenponddecor
2008,1,furslipperswomen
2009,1,furslide
2010,1,furryslipper
2011,1,fur
2012,1,funnytank
2013,1,fullmark
2014,1,fulllengthdre
2015,1,fullfacemask
2016,1,frilledhem
2017,1,frilled
2018,1,freshsummer
2019,1,freddiemercuryshirt
2020,1,freddiemercury
2021,1,foreign trade
2022,1,flyswatterelectric
2023,1,flyswatter
2024,1,fluffyskirt
2025,1,fluffyshortskirt
2026,1,fluffydres
2027,1,flowytop
2028,1,flowytanktop
2029,1,flowerprinteddre
2030,1,flowerlacedre
2031,1,floralwomendres
2032,1,floraltop
2033,1,floralprintswimwear
2034,1,floralprintromper
2035,1,florallingerie
2036,1,floraldresseswomen
2037,1,floraldresse
2038,1,floral skirt
2039,1,floral bikini
2040,1,flora
2041,1,floatseat
2042,1,floatboat
2043,1,flipflopsandal
2044,1,flatshoesforwoman
2045,1,flaresleeveblouse
2046,1,flare
2047,1,flamingotshirt
2048,1,fivepant
2049,1,fitnessvestmen
2050,1,fitnessshort
2051,1,fitnessset
2052,1,fitnesspantie
2053,1,fitnesspant
2054,1,fishermanshat
2055,1,finger ring
2056,1,femaletshirt
2057,1,fearofgod
2058,1,fauxpant
2059,1,fauxjean
2060,1,fathertshirt
2061,1,fashionwomensummershort
2062,1,fashionwomensdresseveningcocktaildresslongdressbandagesmlxl
2063,1,fashionwomenmonkini
2064,1,fashionvesttop
2065,1,fashiontunicdres
2066,1,fashiontee
2067,1,fashionswimsuitswimwearbathingsuit
2068,1,fashionsweetladybeautywomenbikinisexyswimwear
2069,1,fashionsundre
2070,1,fashionpantyhose
2071,1,fashiondesign
2072,1,fashionbreathableshoe
2073,1,fashion swimsuit
2074,1,fashion shirt
2075,1,fashion girl
2076,1,fashion clothing
2077,1,fashion bag
2078,1,fanscooling
2079,1,faketwopiecesdres
2080,1,faithtshirt
2081,1,faith
2082,1,fahsion
2083,1,facial
2084,1,facecover
2085,1,eye
2086,1,eveningcocktailskaterminidres
2087,1,evening gown
2088,1,ethnicstylenecklace
2089,1,essential
2090,1,ellessepant
2091,1,ellessedressforwomen
2092,1,elegantwomendre
2093,1,elegantsplitskirt
2094,1,electricswatter
2095,1,electricbugswatter
2096,1,elasticskinnypant
2097,1,elasticblouse
2098,1,elasticband
2099,1,dropcrotchpant
2100,1,dresswithpocket
2101,1,dressshield
2102,1,dressforlady
2103,1,dressesforwomensummer
2104,1,dressesforwomencasualsummer
2105,1,dressesforladie
2106,1,dragon fly
2107,1,doublelayer
2108,1,doorscreennet
2109,1,doorcurtain
2110,1,doglovershirt
2111,1,doghat
2112,1,dogcap
2113,1,divingsnorkeling
2114,1,divingsnorkel
2115,1,divingmask
2116,1,divingequipment
2117,1,disposable
2118,1,digitalprintingvesttop
2119,1,diamondbikiniset
2120,1,diamondbikini
2121,1,dewshoulder
2122,1,denimromper
2123,1,denimjumpsuit
2124,1,denimjeansshort
2125,1,denimbibpant
2126,1,denim leggings
2127,1,demin
2128,1,deerhuntingprinted
2129,1,deepvneckvest
2130,1,deep-v
2131,1,daydre
2132,1,datingdres
2133,1,datetop
2134,1,darknavyskirt
2135,1,daintyring
2136,1,dailyclothe
2137,1,cute crop tops
2138,1,cushionbed
2139,1,crystalbikini
2140,1,crossbandage
2141,1,croptoptshirt
2142,1,croptopsforgirl
2143,1,croptopbra
2144,1,croptopandskirt
2145,1,croppedpant
2146,1,croppedjean
2147,1,cropped
2148,1,crop tops fashion
2149,1,crochet top
2150,1,crochet halter top
2151,1,crochet bikini
2152,1,crisscrossbackdre
2153,1,crew neck sweatshirts for women
2154,1,cowlnecktank
2155,1,coverupsbikini
2156,1,coupletshirt
2157,1,countrythunder
2158,1,countrymusicshirt
2159,1,countrygirllegging
2160,1,countrygirl
2161,1,cottonshortsleeve
2162,1,cottonpant
2163,1,cottonblouse
2164,1,cosmetic
2165,1,coolingfan
2166,1,cool shirts
2167,1,controlpantie
2168,1,contrastcolordres
2169,1,compressionshort
2170,1,competitive
2171,1,comfyshirt
2172,1,comfortableshirt
2173,1,combo
2174,1,colorgel
2175,1,colorfultop
2176,1,colorchangingshort
2177,1,collegegirlskirt
2178,1,coffeetshirt
2179,1,cocktailskaterminidres
2180,1,club dresses
2181,1,clothingampaccessorie
2182,1,ciclismo
2183,1,christiantshirt
2184,1,christianshirt
2185,1,childrensballoon
2186,1,children39stoy
2187,1,chiffonesummertop
2188,1,chiffomdresse
2189,1,chiffiondres
2190,1,chestzipper
2191,1,chemisehomme
2192,1,cheeky bikini bottom
2193,1,cheap tankini swimwear
2194,1,chaussurefamme
2195,1,causaltop
2196,1,causalshirtwomen
2197,1,causaljean
2198,1,cathat
2199,1,caterpillar
2200,1,casualwomensjean
2201,1,casualtwopiece
2202,1,casualtshirttop
2203,1,casualtrunk
2204,1,casualtrouser
2205,1,casualteeshirt
2206,1,casualsuspendertop
2207,1,casualsummersportsshort
2208,1,casualstyle
2209,1,casualsolidcolor
2210,1,casualsleepwear
2211,1,casualshortswomen
2212,1,casualshortpant
2213,1,casualshirtforwomen
2214,1,casualshirtformen
2215,1,casualsandal
2216,1,casualloosedres
2217,1,casualclothing
2218,1,casual cap
2219,1,cassualvest
2220,1,case
2221,1,cartoon t shirt
2222,1,carolebaskin
2223,1,cargoshort
2224,1,carcover
2225,1,caprisforwomen
2226,1,cannabisleafprint
2227,1,candycolorsock
2228,1,candycolordres
2229,1,candy color
2230,1,camouflagetshirt
2231,1,camouflageshortsforwomen
2232,1,camouflageshortsformen
2233,1,camouflageshort
2234,1,camouflagepant
2235,1,camouflagenet
2236,1,camissole
2237,1,camisolevest
2238,1,camisoletanktop
2239,1,camisolestanktop
2240,1,camisoles for women
2241,1,camisoleblouse
2242,1,camishort
2243,1,camisamen
2244,1,caged bralette
2245,1,buttonup
2246,1,buttondres
2247,1,buttlifting
2248,1,butterflytshirt
2249,1,butterflyprintskirt
2250,1,butterflymask
2251,1,butterflydre
2252,1,butterfliesprint
2253,1,burgundyskirt
2254,1,burgundy
2255,1,bunny
2256,1,budsilkblouse
2257,1,breathableunderwear
2258,1,breathablesportshoe
2259,1,bre
2260,1,brayogavest
2261,1,brassierefemme
2262,1,brassiere
2263,1,brasbraset
2264,1,brallettesexy
2265,1,braceletset
2266,1,bowtop
2267,1,bowknottanktop
2268,1,bowknotdres
2269,1,bohotshirt
2270,1,bohoskirt
2271,1,bohoshirt
2272,1,bohodressesforwoman
2273,1,bohoclothing
2274,1,bohemiasandal
2275,1,bohemiansandal
2276,1,bohemianjewelry
2277,1,bohemiandresse
2278,1,bohemian maxi dress
2279,1,bohemiaalloynecklace
2280,1,bodysuitwomen
2281,1,bodyslimmingcincher
2282,1,bodyshaperwomen
2283,1,bodyconwrapdres
2284,1,bodyconvest
2285,1,bodyconsundres
2286,1,bodyconsummerdres
2287,1,bodyconset
2288,1,bodyconromperjumpsuitclub
2289,1,bodyconclothe
2290,1,bodyconblouse
2291,1,bobo
2292,1,boatneckblouse
2293,1,blusasmujer
2294,1,blusa
2295,1,blowing
2296,1,blousesforwomen
2297,1,blingblingdiamond
2298,1,blackwhitepink
2299,1,blacktshirt
2300,1,blackpant
2301,1,blacklacetrim
2302,1,black skull bikini
2303,1,black lace
2304,1,black crop top
2305,1,bikinsuit
2306,1,bikiniblouse
2307,1,bikinibeachwear
2308,1,bikinibeachcoverup
2309,1,bikini2017
2310,1,bikini suit
2311,1,bikini sexy
2312,1,biking
2313,1,biker
2314,1,bigcode
2315,1,bigcat
2316,1,benchwomen
2317,1,bellydancepant
2318,1,bedroomdoornet
2319,1,bedroom
2320,1,beacwear
2321,1,beachwera
2322,1,beachvesttop
2323,1,beachsundres
2324,1,beachsuitforwomen
2325,1,beachshirt
2326,1,beachsandal
2327,1,beachphonecase
2328,1,beachmat
2329,1,beachlooseshort
2330,1,beachlacesleevelessdres
2331,1,beachjumpsuit
2332,1,beachewear
2333,1,beachdrss
2334,1,beachcardigan
2335,1,beachblouse
2336,1,beachblanket
2337,1,beach wear women
2338,1,beach volleyball swimwear
2339,1,bcklessvest
2340,1,bathingshort
2341,1,bathing suit women
2342,1,basicvestido
2343,1,basictshirt
2344,1,basictop
2345,1,basicdres
2346,1,basic
2347,1,basecoat
2348,1,baseballcapforwomen
2349,1,barefootjewelry
2350,1,bangdagebikini
2351,1,bandeau
2352,1,bandanna
2353,1,bandage monokini
2354,1,bandage dress
2355,1,bamboobag
2356,1,balloonsforparty
2357,1,balloonsbirthday
2358,1,ballgowndre
2359,1,balckandwhite
2360,1,baggykaftandresse
2361,1,baggydresseswomen
2362,1,baggydre
2363,1,bagbuckle
2364,1,backlesstank
2365,1,backlessswimsuit
2366,1,backlesssiamese
2367,1,backlessromper
2368,1,backlessblouse
2369,1,backless halter top
2370,1,backbowknotvest
2371,1,babyswimfloatboat
2372,1,awordcollar
2373,1,avocado
2374,1,autumnblouse
2375,1,autumn and winter
2376,1,athleticshortsmen
2377,1,athleticset
2378,1,asymmetricdres
2379,1,asymmetricalhem
2380,1,armpitsweatpad
2381,1,armpitguard
2382,1,antislipsock
2383,1,antimosquitonet
2384,1,antimosquitofly
2385,1,antifoggoggle
2386,1,anticellulite
2387,1,ankletchain
2388,1,ankleinvisiblesock
2389,1,angelprint
2390,1,airball
2391,1,air conditioner
2392,1,abito
2393,1,a-line skirt
2394,1,WomenBikini
2395,1,Women's Sweatsuit
2396,1,Women's Bikini Swimwear
2397,1,Women's Bikini
2398,1,Women Sleeveless Top
2399,1,Women Leggings
2400,1,Women Cap
2401,1,Woman clothes
2402,1,Wolf
2403,1,Wedding
2404,1,Watersports
2405,1,Waist Coat
2406,1,Visors
2407,1,Vintage swimwear
2408,1,V Collar
2409,1,Uniforms
2410,1,Undershirts
2411,1,USA flag
2412,1,Two Piece Swimwear
2413,1,Triangle Swimwear
2414,1,Tree
2415,1,Travel Accessories
2416,1,Travel
2417,1,Training
2418,1,Totes
2419,1,Tiger
2420,1,Thong
2421,1,Temperament
2422,1,Tech & Gadgets
2423,1,Tankini Swimsuits
2424,1,T-Shirts polo sport men's
2425,1,Swimsuit  For Women
2426,1,Swimming Pools
2427,1,Swim Wear Cover Up
2428,1,Swim Shorts
2429,1,String Bikini
2430,1,Storage
2431,1,Stickers
2432,1,Sterling
2433,1,Star
2434,1,Stamps
2435,1,Sport & Outdoor
2436,1,Solar
2437,1,Sofas
2438,1,Sneakers
2439,1,Smartphones
2440,1,Slimwaist
2441,1,Skirts women
2442,1,Skincare
2443,1,Skateboard
2444,1,Simple Style
2445,1,Silver Ring
2446,1,Silicone
2447,1,Shoulder Bags
2448,1,ShortsMen
2449,1,Shopping Bag
2450,1,Shirts & T-Shirts
2451,1,Sheer
2452,1,Shaving & Hair Removal
2453,1,Sexy women
2454,1,Sexy Wedding Dress
2455,1,Sequin
2456,1,Seal
2457,1,School
2458,1,Rose Gold Ring
2459,1,Rope
2460,1,Roman
2461,1,Racer back tank
2462,1,Push-Up
2463,1,Pure Cotton
2464,1,Printed Leggings
2465,1,Pretty
2466,1,Pouch
2467,1,Polyester Shirt
2468,1,Platform
2469,1,Plastic
2470,1,Plaid Dress
2471,1,Photography
2472,1,Phone Accessories
2473,1,Phone
2474,1,Pet Supplies
2475,1,Penguin
2476,1,Patio
2477,1,PLAINCROP TOP
2478,1,Owl
2479,1,Oversize
2480,1,Outfits & Sets
2481,1,Outdoor Sports
2482,1,Off shoulder tops for women
2483,1,Nightgown
2484,1,Nightclub Tops
2485,1,New Fashion
2486,1,Neckline
2487,1,Necklace
2488,1,Muscle
2489,1,Motorcycle
2490,1,Moisturizing Socks
2491,1,Military
2492,1,Men's vest
2493,1,Men's Sandals
2494,1,Mats
2495,1,Maternity Dresses
2496,1,Maternity
2497,1,Massage & Relaxation
2498,1,Massage
2499,1,Man t-shirts
2500,1,Long sleeved
2501,1,Long Coat
2502,1,Loafers
2503,1,Lingerie Sets
2504,1,Lens
2505,1,Leggings for Women
2506,1,Large
2507,1,Laptop
2508,1,Lantern
2509,1,Lady
2510,1,Kit
2511,1,King
2512,1,Jumpers
2513,1,Jogger
2514,1,Jack Daniels
2515,1,Indoor Slippers
2516,1,Ice
2517,1,Household
2518,1,Hoodies
2519,1,Home Décor
2520,1,Home & Garden
2521,1,Hobbies
2522,1,Hiking
2523,1,Heels
2524,1,Health & Beauty
2525,1,Halterneck Top
2526,1,Gray
2527,1,Gold Ring
2528,1,Glasses
2529,1,Girl
2530,1,Garden Decor
2531,1,Furniture
2532,1,Fountain
2533,1,Formal Dresses
2534,1,Fitted Dress
2535,1,Fishing
2536,1,Festival
2537,1,Female
2538,1,Fans
2539,1,Family
2540,1,Exotic
2541,1,Equipment
2542,1,Embroidery
2543,1,Elephant
2544,1,Durable
2545,1,Dress Shirt
2546,1,Door
2547,1,Doggie
2548,1,Dog Supplies
2549,1,Deer
2550,1,Decor
2551,1,Cycling Clothing
2552,1,Cycling
2553,1,Cotton Mens Shirts
2554,1,Corset Dress
2555,1,Cool Tees
2556,1,Computers
2557,1,Coffee
2558,1,Cocktail Party Dress
2559,1,Cloth
2560,1,Christian
2561,1,Chinese
2562,1,Chic
2563,1,Cherry
2564,1,Charming
2565,1,Charm
2566,1,Casual sweater
2567,1,Cars
2568,1,Canvas Shoes
2569,1,Cake
2570,1,Button-Down Shirts
2571,1,Bustier
2572,1,Bucket Hats
2573,1,Brazilian Bikini bottom
2574,1,Brand
2575,1,Braids
2576,1,Box
2577,1,Board Shorts
2578,1,Blanket
2579,1,Black Top
2580,1,Birthday
2581,1,Bikini Lingerie
2582,1,Bikini Cover-Up
2583,1,Bikes
2584,1,Big size
2585,1,Bicycle
2586,1,Bib
2587,1,Belly
2588,1,Beds
2589,1,Beading
2590,1,Battery
2591,1,Bathroom
2592,1,Bathing Suits For Women
2593,1,Bathing
2594,1,Bath
2595,1,Basketball
2596,1,Bali
2597,1,Backs
2598,1,Baby Girl
2599,1,Arms
2600,1,Anklets
2601,1,Ankle Strap
2602,1,Angel
2603,1,Adjustable Baseball Cap
2604,1,Adidas
2605,1,90sfashion
2606,1,5pointspant
2607,1,3mreflective
2608,1,3dprintedtshirt
2609,1,34sleeve
2610,1,2piecesbikini
2611,1,2piecebathingsuit
2612,1,2in1sportsjogging
2613,1,2in1short
2614,1,2014summermenshort
2615,1,2014menshort
2616,1,"2,piece dress sets"
2617,1,"2,Piece Swimsuit"
2618,1,#fashion #shorts
2619,1,#Summer Clothes
